1.0,1.0,0.0,215.0,38.0,137.0,109.0,158.0,81.0,243.0,129.0,174.0,63.0,120.0,80.0,118.0,98.0,197.0,101.0,132.0,91.0,138.0,68.0,111.0,93.0,143.0,118.0,97.0,105.0,73.0,92.0,117.0,115.0,88.0,102.0
0.0,1.0,0.0,218.0,75.0,164.0,74.0,6.0,96.0,243.0,25.0,104.0,97.0,90.0,89.0,26.0,114.0,76.0,122.0,92.0,141.0,12.0,87.0,19.0,80.0,25.0,86.0,18.0,77.0,16.0,46.0,17.0,28.0,20.0,17.0
1.0,1.0,0.0,218.0,27.0,203.0,89.0,230.0,56.0,194.0,108.0,150.0,132.0,181.0,101.0,107.0,118.0,194.0,55.0,173.0,38.0,167.0,65.0,116.0,42.0,145.0,104.0,141.0,83.0,110.0,61.0,162.0,76.0,147.0,93.0
0.0,1.0,0.0,218.0,90.0,203.0,258.0,119.0,99.0,30.0,96.0,44.0,101.0,59.0,97.0,63.0,177.0,124.0,104.0,63.0,112.0,54.0,264.0,69.0,139.0,255.0,270.0,122.0,280.0,243.0,68.0,91.0,262.0,35.0,262.0
1.0,1.0,0.0,218.0,19.0,172.0,133.0,192.0,73.0,152.0,70.0,106.0,64.0,111.0,5.0,90.0,84.0,121.0,75.0,108.0,68.0,80.0,77.0,74.0,101.0,67.0,131.0,59.0,117.0,49.0,118.0,12.0,118.0,9.0,121.0
0.0,1.0,0.0,12.0,3.0,2.0,48.0,0.0,55.0,52.0,141.0,51.0,29.0,59.0,97.0,4.0,63.0,1.0,42.0,11.0,31.0,74.0,151.0,71.0,143.0,68.0,15.0,7.0,204.0,10.0,144.0,49.0,141.0,1.0,187.0
1.0,1.0,0.0,205.0,58.0,176.0,67.0,195.0,77.0,180.0,82.0,162.0,93.0,155.0,85.0,152.0,109.0,133.0,128.0,99.0,128.0,106.0,110.0,103.0,127.0,81.0,145.0,60.0,143.0,52.0,130.0,9.0,133.0,21.0,130.0
0.0,0.0,0.0,9.0,104.0,12.0,82.0,230.0,99.0,30.0,96.0,43.0,100.0,59.0,97.0,64.0,116.0,253.0,279.0,63.0,141.0,70.0,126.0,69.0,139.0,255.0,273.0,255.0,280.0,44.0,140.0,242.0,262.0,56.0,139.0
1.0,1.0,0.0,200.0,43.0,203.0,55.0,230.0,70.0,243.0,87.0,203.0,92.0,210.0,77.0,193.0,101.0,245.0,98.0,206.0,122.0,175.0,98.0,165.0,110.0,209.0,132.0,137.0,135.0,78.0,119.0,126.0,126.0,109.0,127.0
0.0,1.0,0.0,1.0,50.0,12.0,82.0,17.0,100.0,48.0,80.0,27.0,84.0,59.0,97.0,19.0,212.0,24.0,198.0,147.0,212.0,70.0,126.0,69.0,139.0,18.0,12.0,71.0,20.0,44.0,140.0,71.0,213.0,13.0,227.0
1.0,1.0,0.0,218.0,152.0,203.0,65.0,230.0,76.0,243.0,90.0,245.0,87.0,220.0,86.0,195.0,108.0,214.0,127.0,162.0,125.0,165.0,108.0,154.0,128.0,139.0,152.0,111.0,147.0,105.0,131.0,95.0,137.0,90.0,134.0
0.0,1.0,0.0,218.0,93.0,203.0,81.0,230.0,99.0,243.0,193.0,245.0,86.0,237.0,265.0,233.0,115.0,253.0,89.0,253.0,140.0,247.0,264.0,247.0,263.0,255.0,108.0,255.0,131.0,243.0,139.0,242.0,140.0,244.0,138.0
1.0,1.0,0.0,218.0,70.0,203.0,41.0,229.0,63.0,243.0,73.0,212.0,82.0,216.0,68.0,210.0,93.0,230.0,87.0,219.0,104.0,200.0,90.0,196.0,99.0,202.0,115.0,182.0,124.0,159.0,122.0,172.0,121.0,170.0,124.0
0.0,1.0,0.0,218.0,100.0,203.0,178.0,167.0,83.0,243.0,64.0,245.0,191.0,237.0,142.0,233.0,60.0,253.0,139.0,253.0,141.0,144.0,201.0,247.0,244.0,255.0,63.0,255.0,246.0,243.0,121.0,242.0,259.0,244.0,68.0
1.0,1.0,0.0,218.0,156.0,203.0,117.0,230.0,35.0,243.0,148.0,245.0,172.0,237.0,177.0,233.0,172.0,253.0,190.0,253.0,215.0,247.0,227.0,247.0,231.0,255.0,213.0,255.0,247.0,231.0,234.0,242.0,220.0,244.0,234.0
0.0,1.0,0.0,58.0,102.0,203.0,188.0,2.0,99.0,243.0,95.0,89.0,100.0,59.0,97.0,63.0,92.0,26.0,161.0,253.0,141.0,70.0,126.0,69.0,139.0,21.0,271.0,96.0,241.0,44.0,140.0,242.0,210.0,56.0,139.0
1.0,1.0,0.0,216.0,149.0,203.0,7.0,216.0,124.0,225.0,120.0,242.0,144.0,195.0,155.0,213.0,150.0,211.0,192.0,208.0,194.0,193.0,192.0,199.0,194.0,194.0,196.0,187.0,213.0,187.0,203.0,189.0,193.0,180.0,188.0
0.0,0.0,0.0,9.0,104.0,11.0,81.0,230.0,259.0,29.0,266.0,43.0,268.0,237.0,96.0,233.0,269.0,68.0,139.0,63.0,265.0,247.0,125.0,68.0,263.0,59.0,273.0,255.0,152.0,43.0,265.0,48.0,140.0,244.0,138.0
1.0,1.0,0.0,82.0,129.0,78.0,127.0,92.0,165.0,46.0,189.0,127.0,163.0,122.0,166.0,164.0,170.0,135.0,205.0,75.0,225.0,132.0,210.0,127.0,207.0,126.0,220.0,107.0,236.0,114.0,218.0,115.0,215.0,244.0,217.0
0.0,0.0,0.0,218.0,103.0,12.0,82.0,17.0,100.0,243.0,266.0,245.0,100.0,44.0,265.0,64.0,116.0,68.0,279.0,253.0,265.0,69.0,264.0,247.0,241.0,59.0,273.0,255.0,280.0,243.0,139.0,242.0,262.0,244.0,262.0
1.0,1.0,0.0,218.0,4.0,203.0,40.0,230.0,45.0,243.0,59.0,245.0,47.0,237.0,75.0,233.0,64.0,220.0,93.0,209.0,94.0,222.0,85.0,237.0,92.0,195.0,105.0,195.0,102.0,179.0,97.0,198.0,103.0,187.0,101.0
0.0,0.0,0.0,218.0,268.0,12.0,82.0,17.0,100.0,29.0,95.0,44.0,101.0,59.0,97.0,63.0,115.0,68.0,139.0,63.0,265.0,69.0,264.0,69.0,139.0,60.0,156.0,255.0,152.0,43.0,265.0,48.0,262.0,55.0,262.0
1.0,1.0,0.0,198.0,155.0,203.0,121.0,230.0,149.0,202.0,29.0,186.0,120.0,170.0,28.0,187.0,167.0,172.0,142.0,171.0,30.0,154.0,22.0,156.0,29.0,138.0,42.0,138.0,18.0,125.0,7.0,137.0,1.0,140.0,1.0
0.0,0.0,0.0,8.0,268.0,12.0,82.0,17.0,100.0,29.0,266.0,245.0,268.0,59.0,97.0,64.0,116.0,253.0,139.0,63.0,265.0,247.0,264.0,69.0,139.0,59.0,155.0,255.0,152.0,243.0,265.0,48.0,262.0,56.0,139.0
1.0,1.0,0.0,218.0,39.0,203.0,113.0,230.0,32.0,243.0,11.0,245.0,49.0,176.0,25.0,209.0,40.0,157.0,36.0,152.0,74.0,227.0,73.0,194.0,76.0,207.0,100.0,172.0,94.0,171.0,98.0,143.0,83.0,167.0,94.0
0.0,1.0,0.0,218.0,263.0,203.0,81.0,230.0,99.0,243.0,95.0,245.0,100.0,237.0,96.0,233.0,115.0,253.0,139.0,253.0,141.0,247.0,100.0,247.0,138.0,255.0,155.0,255.0,152.0,243.0,139.0,242.0,140.0,244.0,138.0
1.0,1.0,0.0,218.0,52.0,203.0,62.0,172.0,92.0,217.0,211.0,221.0,89.0,190.0,71.0,188.0,77.0,185.0,121.0,73.0,141.0,215.0,187.0,152.0,126.0,137.0,147.0,112.0,148.0,106.0,137.0,100.0,138.0,19.0,138.0
0.0,0.0,0.0,8.0,103.0,12.0,82.0,16.0,259.0,243.0,88.0,44.0,101.0,59.0,97.0,64.0,116.0,253.0,139.0,63.0,141.0,247.0,125.0,69.0,139.0,255.0,155.0,43.0,280.0,43.0,139.0,49.0,141.0,55.0,262.0
1.0,1.0,0.0,218.0,162.0,203.0,167.0,230.0,57.0,233.0,213.0,245.0,207.0,237.0,229.0,233.0,247.0,253.0,269.0,253.0,264.0,247.0,264.0,241.0,263.0,229.0,273.0,202.0,280.0,175.0,265.0,168.0,262.0,142.0,262.0
0.0,0.0,0.0,8.0,103.0,203.0,258.0,230.0,99.0,29.0,266.0,245.0,100.0,58.0,96.0,64.0,116.0,253.0,279.0,63.0,141.0,247.0,125.0,247.0,138.0,255.0,273.0,255.0,152.0,243.0,139.0,48.0,262.0,244.0,138.0
1.0,1.0,0.0,218.0,64.0,203.0,59.0,230.0,74.0,243.0,45.0,245.0,70.0,237.0,65.0,233.0,74.0,253.0,102.0,253.0,106.0,247.0,76.0,247.0,107.0,255.0,116.0,251.0,111.0,243.0,127.0,242.0,128.0,244.0,133.0
0.0,1.0,0.0,218.0,103.0,203.0,258.0,230.0,99.0,243.0,95.0,245.0,100.0,237.0,12.0,233.0,115.0,253.0,279.0,253.0,133.0,247.0,264.0,247.0,138.0,60.0,156.0,255.0,280.0,243.0,129.0,242.0,262.0,244.0,262.0
1.0,1.0,0.0,145.0,66.0,167.0,45.0,191.0,65.0,191.0,71.0,183.0,78.0,180.0,70.0,174.0,96.0,184.0,95.0,172.0,107.0,164.0,89.0,158.0,97.0,149.0,117.0,133.0,118.0,126.0,113.0,133.0,116.0,119.0,116.0
0.0,1.0,0.0,90.0,20.0,36.0,69.0,217.0,50.0,241.0,57.0,245.0,46.0,117.0,265.0,179.0,115.0,189.0,67.0,188.0,87.0,22.0,263.0,130.0,159.0,157.0,72.0,233.0,101.0,156.0,74.0,212.0,135.0,29.0,138.0
1.0,1.0,0.0,218.0,69.0,97.0,189.0,159.0,86.0,243.0,83.0,245.0,95.0,160.0,47.0,156.0,178.0,253.0,228.0,253.0,214.0,229.0,4.0,224.0,133.0,255.0,199.0,255.0,62.0,243.0,44.0,242.0,234.0,244.0,115.0
0.0,1.0,0.0,80.0,103.0,203.0,258.0,230.0,88.0,165.0,89.0,245.0,100.0,237.0,95.0,233.0,249.0,82.0,259.0,253.0,254.0,247.0,259.0,247.0,138.0,255.0,268.0,255.0,50.0,233.0,93.0,242.0,245.0,244.0,220.0
1.0,1.0,0.0,218.0,107.0,203.0,6.0,230.0,22.0,243.0,43.0,234.0,28.0,237.0,30.0,225.0,46.0,221.0,56.0,230.0,59.0,244.0,39.0,232.0,47.0,218.0,73.0,217.0,76.0,202.0,62.0,207.0,66.0,210.0,70.0
0.0,0.0,0.0,218.0,268.0,203.0,81.0,17.0,100.0,30.0,96.0,43.0,100.0,59.0,97.0,64.0,116.0,68.0,279.0,253.0,265.0,69.0,264.0,68.0,263.0,255.0,155.0,255.0,280.0,43.0,265.0,242.0,262.0,56.0,139.0
1.0,1.0,0.0,165.0,140.0,174.0,108.0,203.0,136.0,214.0,111.0,200.0,137.0,203.0,159.0,206.0,155.0,212.0,195.0,198.0,203.0,191.0,193.0,185.0,193.0,181.0,193.0,174.0,211.0,163.0,202.0,180.0,181.0,172.0,186.0
0.0,1.0,0.0,218.0,127.0,200.0,125.0,214.0,141.0,114.0,95.0,194.0,156.0,189.0,219.0,173.0,176.0,174.0,199.0,253.0,224.0,153.0,202.0,146.0,199.0,136.0,206.0,116.0,223.0,115.0,204.0,112.0,190.0,244.0,262.0
1.0,1.0,0.0,218.0,150.0,203.0,174.0,230.0,179.0,212.0,186.0,179.0,196.0,151.0,212.0,167.0,231.0,149.0,248.0,131.0,240.0,117.0,247.0,113.0,250.0,102.0,259.0,78.0,273.0,71.0,256.0,63.0,251.0,65.0,251.0
0.0,1.0,0.0,8.0,103.0,203.0,258.0,230.0,62.0,30.0,96.0,43.0,268.0,237.0,265.0,79.0,115.0,68.0,139.0,70.0,141.0,247.0,125.0,68.0,263.0,59.0,155.0,255.0,152.0,43.0,139.0,242.0,262.0,56.0,139.0
1.0,1.0,0.0,163.0,164.0,145.0,164.0,230.0,160.0,103.0,217.0,141.0,193.0,74.0,204.0,112.0,223.0,118.0,240.0,88.0,200.0,108.0,236.0,102.0,240.0,85.0,247.0,66.0,260.0,62.0,243.0,61.0,237.0,73.0,247.0
0.0,1.0,0.0,5.0,103.0,203.0,255.0,230.0,99.0,243.0,75.0,245.0,263.0,237.0,73.0,233.0,115.0,253.0,196.0,253.0,141.0,247.0,14.0,63.0,263.0,135.0,269.0,255.0,280.0,243.0,139.0,242.0,140.0,244.0,138.0
1.0,1.0,0.0,213.0,37.0,201.0,52.0,221.0,69.0,239.0,78.0,205.0,77.0,201.0,74.0,192.0,100.0,199.0,113.0,214.0,114.0,185.0,97.0,177.0,112.0,166.0,138.0,156.0,137.0,147.0,125.0,146.0,132.0,131.0,132.0
0.0,0.0,0.0,9.0,104.0,12.0,82.0,17.0,100.0,243.0,266.0,245.0,268.0,59.0,97.0,64.0,116.0,25.0,139.0,63.0,141.0,70.0,126.0,69.0,139.0,59.0,155.0,43.0,152.0,43.0,265.0,242.0,141.0,56.0,139.0
1.0,1.0,0.0,218.0,33.0,203.0,35.0,227.0,53.0,242.0,55.0,238.0,55.0,221.0,60.0,220.0,82.0,216.0,97.0,221.0,90.0,214.0,75.0,208.0,81.0,212.0,109.0,197.0,103.0,191.0,104.0,191.0,109.0,189.0,109.0
0.0,1.0,0.0,186.0,21.0,11.0,186.0,13.0,192.0,134.0,94.0,245.0,20.0,20.0,3.0,28.0,181.0,219.0,110.0,253.0,110.0,26.0,71.0,55.0,227.0,200.0,112.0,124.0,123.0,243.0,115.0,14.0,205.0,10.0,228.0
1.0,1.0,0.0,209.0,113.0,192.0,23.0,215.0,38.0,223.0,42.0,240.0,25.0,212.0,42.0,208.0,55.0,228.0,47.0,185.0,70.0,209.0,45.0,203.0,55.0,216.0,69.0,190.0,81.0,184.0,80.0,188.0,74.0,186.0,75.0
0.0,1.0,0.0,9.0,104.0,203.0,215.0,17.0,100.0,47.0,95.0,44.0,101.0,59.0,97.0,63.0,76.0,37.0,138.0,178.0,241.0,70.0,126.0,137.0,225.0,56.0,239.0,255.0,152.0,43.0,262.0,49.0,141.0,56.0,139.0
1.0,1.0,0.0,121.0,74.0,40.0,112.0,196.0,2.0,189.0,161.0,165.0,11.0,191.0,220.0,202.0,105.0,171.0,91.0,210.0,73.0,247.0,264.0,119.0,52.0,221.0,22.0,234.0,8.0,149.0,91.0,209.0,80.0,230.0,11.0
0.0,0.0,0.0,218.0,268.0,203.0,81.0,17.0,100.0,30.0,96.0,245.0,268.0,237.0,265.0,63.0,115.0,253.0,139.0,63.0,265.0,70.0,126.0,247.0,138.0,255.0,155.0,255.0,280.0,43.0,139.0,49.0,141.0,56.0,139.0
1.0,1.0,0.0,218.0,268.0,203.0,258.0,189.0,259.0,15.0,266.0,42.0,268.0,58.0,265.0,63.0,248.0,68.0,115.0,63.0,98.0,69.0,125.0,45.0,138.0,220.0,155.0,255.0,152.0,243.0,139.0,242.0,96.0,244.0,221.0
0.0,1.0,0.0,7.0,103.0,11.0,258.0,230.0,216.0,37.0,95.0,43.0,100.0,237.0,265.0,189.0,115.0,68.0,279.0,199.0,265.0,247.0,125.0,68.0,138.0,24.0,273.0,255.0,152.0,43.0,139.0,48.0,262.0,244.0,219.0
1.0,1.0,0.0,195.0,159.0,190.0,31.0,213.0,49.0,224.0,38.0,215.0,106.0,213.0,55.0,216.0,71.0,252.0,94.0,220.0,95.0,220.0,64.0,217.0,75.0,254.0,106.0,209.0,99.0,220.0,89.0,208.0,101.0,206.0,95.0
0.0,1.0,0.0,17.0,77.0,11.0,258.0,16.0,259.0,141.0,201.0,40.0,96.0,58.0,96.0,63.0,269.0,3.0,247.0,29.0,99.0,59.0,125.0,68.0,91.0,59.0,221.0,255.0,152.0,43.0,99.0,48.0,140.0,55.0,244.0
1.0,1.0,0.0,218.0,17.0,203.0,27.0,230.0,40.0,243.0,49.0,245.0,216.0,237.0,49.0,233.0,59.0,253.0,223.0,253.0,66.0,243.0,47.0,235.0,58.0,255.0,153.0,210.0,82.0,196.0,76.0,194.0,72.0,185.0,73.0
0.0,0.0,0.0,8.0,268.0,203.0,81.0,16.0,259.0,30.0,96.0,245.0,268.0,58.0,56.0,233.0,269.0,68.0,139.0,253.0,141.0,69.0,125.0,247.0,263.0,255.0,155.0,255.0,280.0,243.0,265.0,49.0,141.0,55.0,138.0
1.0,1.0,0.0,218.0,148.0,175.0,139.0,228.0,156.0,243.0,13.0,216.0,141.0,215.0,167.0,218.0,171.0,215.0,211.0,240.0,206.0,245.0,197.0,220.0,198.0,230.0,215.0,214.0,234.0,212.0,212.0,193.0,218.0,209.0,216.0
0.0,1.0,0.0,20.0,103.0,11.0,258.0,17.0,100.0,30.0,96.0,43.0,268.0,59.0,97.0,34.0,111.0,182.0,225.0,119.0,202.0,70.0,126.0,68.0,69.0,54.0,272.0,255.0,280.0,43.0,254.0,49.0,141.0,56.0,139.0
1.0,1.0,0.0,218.0,168.0,203.0,153.0,230.0,174.0,234.0,151.0,217.0,170.0,204.0,179.0,190.0,196.0,200.0,219.0,197.0,218.0,196.0,219.0,179.0,228.0,182.0,230.0,161.0,251.0,153.0,233.0,153.0,229.0,144.0,238.0
0.0,1.0,0.0,10.0,86.0,12.0,82.0,17.0,100.0,30.0,96.0,44.0,101.0,59.0,97.0,76.0,104.0,90.0,270.0,253.0,100.0,70.0,126.0,83.0,138.0,13.0,62.0,255.0,139.0,43.0,210.0,49.0,141.0,244.0,82.0
1.0,1.0,0.0,218.0,200.0,198.0,162.0,201.0,189.0,207.0,177.0,197.0,194.0,175.0,208.0,171.0,228.0,179.0,239.0,150.0,234.0,136.0,239.0,139.0,247.0,124.0,245.0,103.0,268.0,96.0,260.0,101.0,247.0,89.0,257.0
0.0,1.0,0.0,75.0,268.0,22.0,81.0,230.0,259.0,187.0,184.0,32.0,268.0,9.0,227.0,68.0,146.0,33.0,139.0,74.0,19.0,99.0,83.0,68.0,263.0,193.0,155.0,255.0,41.0,243.0,265.0,80.0,140.0,244.0,262.0
1.0,1.0,0.0,218.0,89.0,203.0,247.0,174.0,164.0,243.0,54.0,210.0,208.0,129.0,53.0,233.0,123.0,243.0,112.0,187.0,82.0,207.0,48.0,247.0,43.0,236.0,191.0,232.0,48.0,243.0,83.0,122.0,202.0,138.0,30.0
0.0,1.0,0.0,126.0,173.0,203.0,205.0,230.0,99.0,130.0,146.0,245.0,182.0,237.0,231.0,233.0,207.0,253.0,153.0,134.0,103.0,247.0,243.0,213.0,212.0,225.0,98.0,255.0,222.0,98.0,11.0,242.0,209.0,244.0,225.0
1.0,1.0,0.0,218.0,218.0,203.0,110.0,230.0,143.0,243.0,130.0,236.0,188.0,237.0,132.0,233.0,144.0,237.0,80.0,204.0,39.0,247.0,153.0,246.0,213.0,255.0,102.0,243.0,17.0,206.0,213.0,231.0,69.0,202.0,41.0
0.0,0.0,0.0,218.0,103.0,203.0,81.0,230.0,99.0,243.0,95.0,245.0,268.0,237.0,265.0,233.0,115.0,253.0,279.0,253.0,265.0,247.0,264.0,247.0,138.0,255.0,155.0,255.0,152.0,243.0,252.0,49.0,141.0,244.0,138.0
1.0,1.0,0.0,218.0,265.0,124.0,253.0,67.0,259.0,59.0,231.0,25.0,268.0,47.0,245.0,63.0,217.0,30.0,117.0,62.0,101.0,57.0,109.0,34.0,137.0,113.0,155.0,101.0,150.0,79.0,139.0,229.0,97.0,241.0,160.0
0.0,1.0,0.0,218.0,268.0,203.0,81.0,230.0,99.0,243.0,266.0,245.0,268.0,237.0,265.0,233.0,115.0,253.0,279.0,253.0,265.0,247.0,264.0,247.0,263.0,255.0,273.0,255.0,256.0,44.0,140.0,242.0,140.0,244.0,138.0
1.0,1.0,0.0,218.0,133.0,203.0,169.0,230.0,180.0,243.0,178.0,245.0,184.0,237.0,202.0,233.0,201.0,253.0,253.0,253.0,232.0,247.0,241.0,247.0,243.0,219.0,256.0,220.0,271.0,201.0,253.0,184.0,256.0,181.0,256.0
0.0,0.0,0.0,218.0,103.0,203.0,258.0,16.0,99.0,243.0,95.0,44.0,101.0,59.0,97.0,63.0,269.0,253.0,139.0,253.0,141.0,60.0,264.0,247.0,138.0,255.0,155.0,255.0,152.0,43.0,139.0,49.0,141.0,244.0,138.0
1.0,1.0,0.0,199.0,163.0,184.0,171.0,208.0,181.0,231.0,191.0,206.0,205.0,184.0,217.0,176.0,239.0,168.0,257.0,160.0,249.0,133.0,251.0,121.0,256.0,111.0,260.0,85.0,278.0,77.0,264.0,65.0,257.0,68.0,260.0
0.0,1.0,0.0,88.0,243.0,12.0,82.0,12.0,223.0,30.0,96.0,44.0,101.0,59.0,97.0,80.0,80.0,89.0,207.0,110.0,255.0,70.0,126.0,69.0,139.0,174.0,226.0,181.0,266.0,44.0,140.0,49.0,141.0,56.0,139.0
1.0,1.0,0.0,218.0,143.0,203.0,149.0,230.0,170.0,243.0,181.0,245.0,190.0,237.0,201.0,215.0,222.0,213.0,241.0,174.0,236.0,189.0,240.0,191.0,246.0,160.0,252.0,142.0,270.0,124.0,259.0,131.0,250.0,103.0,255.0
0.0,0.0,0.0,218.0,268.0,12.0,82.0,230.0,99.0,243.0,95.0,245.0,268.0,237.0,265.0,233.0,115.0,253.0,279.0,253.0,265.0,247.0,125.0,68.0,138.0,255.0,155.0,255.0,152.0,243.0,265.0,49.0,141.0,244.0,138.0
1.0,1.0,0.0,218.0,136.0,203.0,151.0,230.0,159.0,243.0,180.0,235.0,185.0,202.0,200.0,199.0,216.0,188.0,236.0,183.0,227.0,188.0,238.0,169.0,242.0,164.0,250.0,140.0,264.0,136.0,250.0,127.0,243.0,112.0,245.0
0.0,0.0,0.0,218.0,268.0,203.0,81.0,230.0,259.0,243.0,266.0,245.0,268.0,237.0,265.0,233.0,269.0,253.0,139.0,63.0,265.0,69.0,264.0,68.0,263.0,255.0,155.0,255.0,280.0,43.0,265.0,48.0,140.0,55.0,262.0
1.0,1.0,0.0,218.0,216.0,203.0,213.0,230.0,231.0,243.0,266.0,245.0,268.0,237.0,265.0,233.0,252.0,253.0,279.0,253.0,265.0,173.0,264.0,216.0,263.0,153.0,273.0,92.0,280.0,58.0,265.0,19.0,262.0,53.0,262.0
0.0,0.0,0.0,218.0,268.0,203.0,81.0,230.0,259.0,29.0,266.0,44.0,101.0,237.0,265.0,64.0,116.0,69.0,140.0,63.0,265.0,69.0,264.0,247.0,263.0,255.0,155.0,255.0,280.0,243.0,265.0,242.0,140.0,55.0,262.0
1.0,1.0,0.0,218.0,41.0,203.0,229.0,230.0,151.0,243.0,173.0,245.0,100.0,237.0,76.0,233.0,66.0,253.0,169.0,253.0,118.0,247.0,62.0,247.0,138.0,255.0,125.0,255.0,141.0,243.0,139.0,242.0,131.0,244.0,106.0
0.0,0.0,0.0,218.0,103.0,203.0,258.0,230.0,259.0,243.0,266.0,245.0,268.0,237.0,96.0,233.0,115.0,253.0,279.0,253.0,141.0,247.0,264.0,247.0,263.0,255.0,155.0,255.0,280.0,243.0,139.0,242.0,262.0,244.0,138.0
1.0,1.0,0.0,170.0,157.0,163.0,161.0,185.0,177.0,172.0,192.0,159.0,202.0,140.0,209.0,140.0,234.0,140.0,252.0,117.0,244.0,109.0,246.0,108.0,249.0,82.0,262.0,67.0,274.0,57.0,257.0,55.0,253.0,7.0,250.0
0.0,1.0,0.0,85.0,73.0,126.0,176.0,73.0,187.0,65.0,209.0,245.0,59.0,60.0,205.0,66.0,214.0,84.0,231.0,71.0,220.0,78.0,218.0,2.0,209.0,7.0,211.0,8.0,216.0,7.0,194.0,10.0,168.0,6.0,164.0
1.0,1.0,0.0,101.0,24.0,75.0,28.0,147.0,128.0,179.0,125.0,126.0,148.0,142.0,144.0,148.0,149.0,180.0,86.0,153.0,11.0,183.0,170.0,109.0,53.0,156.0,166.0,146.0,42.0,135.0,72.0,158.0,52.0,151.0,157.0
0.0,1.0,0.0,38.0,40.0,189.0,122.0,230.0,259.0,78.0,163.0,109.0,165.0,121.0,91.0,113.0,246.0,152.0,43.0,111.0,48.0,152.0,199.0,197.0,235.0,120.0,207.0,119.0,217.0,90.0,14.0,114.0,186.0,104.0,190.0
1.0,1.0,0.0,83.0,141.0,108.0,44.0,135.0,130.0,125.0,24.0,130.0,105.0,132.0,51.0,144.0,13.0,175.0,182.0,141.0,36.0,176.0,57.0,174.0,48.0,205.0,58.0,175.0,39.0,165.0,157.0,214.0,157.0,184.0,142.0
0.0,1.0,0.0,93.0,35.0,150.0,119.0,230.0,230.0,127.0,33.0,98.0,61.0,165.0,153.0,111.0,269.0,117.0,213.0,155.0,195.0,247.0,69.0,243.0,138.0,144.0,229.0,135.0,218.0,109.0,181.0,135.0,189.0,244.0,262.0
1.0,1.0,0.0,62.0,14.0,34.0,82.0,61.0,155.0,84.0,32.0,111.0,167.0,101.0,146.0,104.0,35.0,134.0,145.0,116.0,142.0,114.0,168.0,143.0,182.0,128.0,159.0,113.0,206.0,120.0,182.0,125.0,211.0,122.0,199.0
0.0,1.0,0.0,41.0,182.0,30.0,154.0,41.0,182.0,1.0,196.0,53.0,192.0,14.0,193.0,12.0,194.0,74.0,229.0,27.0,199.0,18.0,160.0,21.0,226.0,17.0,35.0,12.0,47.0,43.0,139.0,6.0,36.0,3.0,35.0
1.0,1.0,0.0,147.0,78.0,203.0,201.0,155.0,169.0,177.0,137.0,193.0,24.0,178.0,181.0,161.0,191.0,158.0,246.0,165.0,222.0,171.0,214.0,247.0,223.0,142.0,243.0,165.0,258.0,188.0,247.0,118.0,249.0,141.0,239.0
0.0,1.0,0.0,123.0,51.0,4.0,80.0,4.0,85.0,163.0,133.0,188.0,3.0,13.0,235.0,15.0,112.0,201.0,45.0,180.0,63.0,7.0,234.0,32.0,259.0,187.0,26.0,168.0,92.0,182.0,54.0,21.0,130.0,22.0,117.0
1.0,1.0,0.0,89.0,81.0,71.0,123.0,69.0,196.0,122.0,167.0,99.0,181.0,114.0,62.0,100.0,209.0,103.0,106.0,96.0,83.0,95.0,190.0,135.0,20.0,97.0,51.0,120.0,31.0,122.0,25.0,167.0,79.0,134.0,193.0
0.0,1.0,0.0,4.0,192.0,6.0,242.0,85.0,59.0,70.0,40.0,65.0,58.0,102.0,150.0,110.0,62.0,80.0,235.0,94.0,164.0,126.0,172.0,51.0,109.0,255.0,253.0,99.0,100.0,13.0,196.0,52.0,238.0,143.0,48.0
1.0,1.0,0.0,29.0,188.0,43.0,163.0,84.0,4.0,98.0,174.0,105.0,60.0,102.0,23.0,109.0,141.0,187.0,76.0,104.0,25.0,104.0,167.0,96.0,60.0,130.0,23.0,121.0,27.0,94.0,193.0,178.0,8.0,111.0,20.0
0.0,1.0,0.0,107.0,201.0,12.0,82.0,91.0,140.0,83.0,266.0,83.0,267.0,4.0,218.0,81.0,173.0,2.0,277.0,36.0,260.0,8.0,222.0,39.0,208.0,57.0,267.0,24.0,279.0,43.0,255.0,48.0,184.0,56.0,139.0
1.0,1.0,0.0,158.0,198.0,114.0,202.0,126.0,207.0,110.0,223.0,91.0,241.0,81.0,257.0,74.0,262.0,13.0,274.0,22.0,257.0,34.0,244.0,46.0,238.0,46.0,235.0,40.0,238.0,40.0,197.0,43.0,26.0,51.0,69.0
1.0,1.0,0.0,206.0,205.0,127.0,210.0,121.0,214.0,95.0,238.0,73.0,260.0,67.0,263.0,11.0,260.0,20.0,275.0,38.0,256.0,53.0,232.0,59.0,220.0,55.0,209.0,42.0,11.0,42.0,65.0,42.0,95.0,46.0,107.0
0.0,1.0,0.0,8.0,103.0,12.0,82.0,83.0,91.0,112.0,188.0,43.0,88.0,59.0,97.0,64.0,116.0,253.0,85.0,98.0,119.0,232.0,125.0,68.0,138.0,255.0,126.0,43.0,152.0,43.0,139.0,242.0,140.0,56.0,139.0
1.0,1.0,0.0,96.0,142.0,112.0,111.0,140.0,131.0,126.0,155.0,137.0,186.0,152.0,140.0,153.0,164.0,161.0,37.0,145.0,142.0,162.0,188.0,161.0,190.0,162.0,201.0,154.0,212.0,158.0,207.0,159.0,191.0,154.0,194.0
0.0,1.0,0.0,218.0,103.0,12.0,82.0,138.0,98.0,164.0,207.0,22.0,99.0,59.0,97.0,64.0,116.0,164.0,133.0,168.0,117.0,70.0,126.0,88.0,138.0,59.0,155.0,43.0,152.0,243.0,139.0,242.0,140.0,56.0,139.0
1.0,1.0,0.0,218.0,121.0,182.0,20.0,230.0,25.0,243.0,28.0,241.0,32.0,234.0,38.0,233.0,65.0,253.0,57.0,246.0,51.0,247.0,46.0,247.0,56.0,252.0,75.0,244.0,79.0,227.0,59.0,234.0,71.0,217.0,74.0
0.0,0.0,0.0,9.0,104.0,12.0,82.0,17.0,100.0,30.0,96.0,44.0,101.0,59.0,97.0,64.0,116.0,69.0,140.0,64.0,142.0,70.0,126.0,69.0,139.0,60.0,156.0,255.0,152.0,44.0,140.0,49.0,141.0,56.0,139.0
1.0,1.0,0.0,196.0,59.0,64.0,51.0,210.0,68.0,228.0,147.0,201.0,6.0,174.0,63.0,233.0,90.0,249.0,72.0,250.0,77.0,247.0,63.0,227.0,86.0,255.0,67.0,215.0,95.0,190.0,79.0,223.0,92.0,177.0,96.0
0.0,1.0,0.0,27.0,84.0,12.0,82.0,111.0,99.0,69.0,263.0,129.0,138.0,91.0,92.0,64.0,116.0,137.0,99.0,107.0,129.0,70.0,126.0,69.0,139.0,84.0,208.0,255.0,87.0,53.0,109.0,70.0,124.0,56.0,139.0
1.0,1.0,0.0,184.0,91.0,203.0,22.0,222.0,95.0,201.0,216.0,245.0,42.0,237.0,46.0,233.0,61.0,253.0,66.0,253.0,75.0,247.0,55.0,247.0,67.0,255.0,95.0,255.0,98.0,243.0,94.0,242.0,104.0,244.0,100.0
0.0,1.0,0.0,9.0,104.0,12.0,82.0,17.0,100.0,30.0,96.0,123.0,268.0,59.0,97.0,64.0,116.0,100.0,132.0,129.0,141.0,70.0,126.0,69.0,139.0,60.0,156.0,255.0,209.0,44.0,140.0,49.0,141.0,56.0,139.0
1.0,1.0,0.0,214.0,108.0,134.0,46.0,178.0,64.0,237.0,37.0,225.0,35.0,179.0,112.0,185.0,73.0,225.0,52.0,245.0,41.0,213.0,127.0,207.0,28.0,235.0,70.0,212.0,75.0,225.0,57.0,197.0,81.0,193.0,84.0
0.0,1.0,0.0,19.0,175.0,12.0,82.0,17.0,100.0,102.0,233.0,72.0,268.0,59.0,97.0,64.0,116.0,101.0,139.0,91.0,141.0,70.0,126.0,69.0,139.0,35.0,155.0,255.0,152.0,138.0,78.0,49.0,141.0,56.0,139.0
1.0,1.0,0.0,218.0,94.0,197.0,77.0,184.0,97.0,243.0,86.0,245.0,67.0,123.0,94.0,233.0,106.0,253.0,135.0,177.0,139.0,230.0,125.0,167.0,123.0,150.0,144.0,130.0,140.0,189.0,139.0,242.0,140.0,100.0,129.0
0.0,1.0,0.0,79.0,98.0,12.0,82.0,17.0,100.0,154.0,266.0,245.0,75.0,59.0,97.0,64.0,116.0,141.0,77.0,203.0,141.0,247.0,125.0,69.0,139.0,60.0,156.0,255.0,151.0,11.0,138.0,49.0,141.0,56.0,139.0
1.0,1.0,0.0,132.0,206.0,123.0,207.0,110.0,211.0,101.0,219.0,80.0,243.0,76.0,255.0,3.0,263.0,15.0,264.0,25.0,245.0,37.0,237.0,50.0,229.0,43.0,223.0,32.0,199.0,31.0,38.0,37.0,65.0,40.0,87.0
0.0,1.0,0.0,42.0,97.0,12.0,82.0,230.0,99.0,200.0,266.0,87.0,227.0,59.0,97.0,64.0,116.0,153.0,88.0,200.0,141.0,70.0,126.0,69.0,139.0,77.0,255.0,255.0,231.0,44.0,140.0,49.0,141.0,56.0,139.0
1.0,1.0,0.0,218.0,214.0,158.0,216.0,139.0,229.0,93.0,237.0,69.0,257.0,65.0,258.0,17.0,267.0,23.0,263.0,37.0,243.0,50.0,226.0,57.0,215.0,48.0,171.0,39.0,65.0,37.0,86.0,33.0,107.0,37.0,111.0
0.0,1.0,0.0,166.0,266.0,8.0,258.0,14.0,210.0,38.0,183.0,10.0,43.0,6.0,37.0,67.0,21.0,72.0,2.0,66.0,144.0,71.0,127.0,0.0,140.0,0.0,157.0,0.0,153.0,44.0,140.0,49.0,141.0,56.0,139.0
1.0,1.0,0.0,23.0,54.0,28.0,136.0,37.0,167.0,63.0,152.0,84.0,116.0,87.0,24.0,88.0,29.0,92.0,49.0,93.0,175.0,97.0,126.0,90.0,40.0,104.0,34.0,72.0,19.0,70.0,140.0,73.0,11.0,78.0,13.0
0.0,1.0,0.0,218.0,67.0,203.0,126.0,93.0,15.0,124.0,116.0,175.0,18.0,146.0,97.0,135.0,67.0,86.0,60.0,151.0,64.0,158.0,149.0,247.0,74.0,96.0,99.0,125.0,80.0,91.0,19.0,94.0,106.0,130.0,36.0
1.0,1.0,0.0,210.0,104.0,148.0,115.0,171.0,134.0,161.0,96.0,140.0,130.0,157.0,148.0,157.0,165.0,142.0,216.0,158.0,199.0,166.0,195.0,162.0,191.0,179.0,217.0,155.0,220.0,166.0,159.0,163.0,194.0,155.0,198.0
0.0,1.0,0.0,39.0,261.0,10.0,150.0,8.0,90.0,128.0,107.0,169.0,200.0,41.0,191.0,20.0,110.0,110.0,200.0,124.0,185.0,42.0,229.0,43.0,95.0,98.0,258.0,123.0,248.0,140.0,228.0,38.0,87.0,91.0,112.0
1.0,1.0,0.0,134.0,42.0,203.0,16.0,230.0,41.0,188.0,98.0,171.0,30.0,237.0,33.0,233.0,72.0,205.0,170.0,215.0,23.0,247.0,36.0,247.0,54.0,203.0,170.0,255.0,70.0,193.0,55.0,242.0,57.0,244.0,99.0
0.0,1.0,0.0,44.0,61.0,54.0,57.0,34.0,87.0,74.0,18.0,70.0,26.0,85.0,190.0,92.0,99.0,87.0,9.0,97.0,181.0,88.0,231.0,150.0,197.0,99.0,205.0,98.0,46.0,93.0,27.0,64.0,98.0,97.0,85.0
1.0,1.0,0.0,218.0,101.0,203.0,245.0,76.0,37.0,115.0,96.0,245.0,0.0,98.0,141.0,120.0,36.0,247.0,0.0,120.0,142.0,129.0,175.0,233.0,0.0,255.0,265.0,227.0,2.0,226.0,139.0,242.0,227.0,123.0,56.0
0.0,1.0,0.0,95.0,267.0,9.0,70.0,54.0,61.0,86.0,69.0,33.0,164.0,88.0,97.0,85.0,42.0,27.0,242.0,81.0,156.0,113.0,156.0,86.0,66.0,41.0,47.0,74.0,112.0,243.0,140.0,41.0,21.0,92.0,152.0
1.0,1.0,0.0,45.0,137.0,56.0,43.0,63.0,100.0,72.0,36.0,97.0,101.0,86.0,156.0,106.0,130.0,109.0,78.0,95.0,80.0,101.0,180.0,92.0,203.0,109.0,66.0,104.0,55.0,108.0,39.0,156.0,90.0,102.0,34.0
0.0,1.0,0.0,218.0,268.0,12.0,82.0,17.0,100.0,30.0,96.0,96.0,98.0,30.0,207.0,58.0,198.0,147.0,279.0,64.0,142.0,70.0,126.0,151.0,204.0,59.0,155.0,255.0,152.0,243.0,265.0,49.0,141.0,56.0,139.0
1.0,1.0,0.0,193.0,151.0,168.0,156.0,188.0,168.0,176.0,91.0,190.0,225.0,154.0,196.0,145.0,211.0,150.0,230.0,236.0,237.0,131.0,225.0,120.0,233.0,110.0,238.0,88.0,252.0,215.0,265.0,84.0,224.0,87.0,224.0
0.0,1.0,0.0,65.0,248.0,128.0,252.0,130.0,225.0,171.0,60.0,231.0,145.0,217.0,93.0,205.0,264.0,234.0,26.0,216.0,209.0,241.0,104.0,205.0,130.0,92.0,96.0,255.0,224.0,154.0,230.0,218.0,255.0,204.0,248.0
1.0,1.0,0.0,197.0,171.0,203.0,10.0,218.0,125.0,227.0,53.0,239.0,15.0,229.0,19.0,233.0,32.0,253.0,25.0,229.0,152.0,235.0,31.0,240.0,27.0,228.0,60.0,240.0,45.0,218.0,150.0,242.0,45.0,229.0,39.0
0.0,1.0,0.0,9.0,104.0,5.0,256.0,17.0,100.0,133.0,95.0,230.0,187.0,19.0,88.0,18.0,243.0,227.0,201.0,64.0,142.0,70.0,126.0,18.0,138.0,60.0,156.0,255.0,152.0,44.0,140.0,58.0,241.0,56.0,139.0
1.0,1.0,0.0,201.0,114.0,203.0,92.0,220.0,7.0,230.0,16.0,244.0,21.0,237.0,7.0,233.0,15.0,253.0,8.0,247.0,143.0,247.0,10.0,247.0,23.0,243.0,32.0,252.0,28.0,235.0,13.0,242.0,18.0,239.0,23.0
0.0,1.0,0.0,9.0,104.0,195.0,68.0,35.0,34.0,30.0,96.0,207.0,142.0,237.0,59.0,233.0,161.0,253.0,46.0,64.0,142.0,247.0,53.0,247.0,88.0,60.0,156.0,255.0,74.0,44.0,140.0,242.0,82.0,94.0,63.0
1.0,1.0,0.0,76.0,118.0,29.0,14.0,87.0,129.0,58.0,158.0,88.0,131.0,78.0,126.0,86.0,116.0,100.0,140.0,89.0,189.0,94.0,194.0,91.0,163.0,80.0,189.0,69.0,184.0,68.0,169.0,77.0,141.0,83.0,172.0
0.0,1.0,0.0,218.0,268.0,203.0,81.0,17.0,100.0,30.0,96.0,245.0,268.0,237.0,96.0,233.0,269.0,253.0,139.0,64.0,142.0,70.0,126.0,247.0,70.0,60.0,156.0,255.0,152.0,243.0,265.0,242.0,140.0,56.0,139.0
1.0,1.0,0.0,34.0,209.0,46.0,181.0,65.0,172.0,91.0,197.0,71.0,219.0,69.0,222.0,64.0,229.0,8.0,245.0,18.0,233.0,25.0,228.0,25.0,218.0,44.0,216.0,27.0,219.0,32.0,208.0,28.0,141.0,31.0,78.0
0.0,1.0,0.0,9.0,104.0,203.0,81.0,17.0,100.0,30.0,96.0,245.0,268.0,237.0,64.0,233.0,189.0,253.0,139.0,64.0,142.0,70.0,126.0,247.0,263.0,60.0,156.0,255.0,152.0,44.0,140.0,242.0,140.0,56.0,139.0
1.0,1.0,0.0,155.0,240.0,156.0,203.0,127.0,220.0,88.0,226.0,63.0,255.0,2.0,256.0,16.0,258.0,25.0,255.0,35.0,228.0,58.0,221.0,64.0,184.0,50.0,52.0,37.0,88.0,30.0,105.0,32.0,111.0,33.0,113.0
0.0,1.0,0.0,8.0,220.0,23.0,158.0,15.0,89.0,17.0,222.0,43.0,268.0,49.0,195.0,44.0,16.0,67.0,137.0,40.0,111.0,4.0,116.0,229.0,135.0,59.0,110.0,179.0,203.0,43.0,168.0,75.0,153.0,38.0,105.0
1.0,1.0,0.0,26.0,55.0,49.0,82.0,54.0,58.0,80.0,157.0,113.0,109.0,143.0,147.0,138.0,41.0,123.0,210.0,102.0,12.0,98.0,208.0,166.0,139.0,86.0,195.0,108.0,182.0,104.0,161.0,130.0,156.0,117.0,28.0
0.0,1.0,0.0,3.0,247.0,3.0,152.0,9.0,31.0,41.0,41.0,52.0,119.0,1.0,109.0,0.0,0.0,0.0,5.0,67.0,0.0,72.0,129.0,3.0,141.0,2.0,0.0,44.0,0.0,45.0,141.0,49.0,142.0,0.0,140.0
1.0,1.0,0.0,218.0,87.0,72.0,191.0,106.0,75.0,182.0,170.0,245.0,73.0,107.0,97.0,119.0,33.0,97.0,74.0,167.0,67.0,145.0,161.0,183.0,192.0,103.0,94.0,147.0,84.0,142.0,77.0,182.0,117.0,136.0,77.0
0.0,1.0,0.0,185.0,31.0,11.0,73.0,16.0,13.0,229.0,106.0,208.0,12.0,58.0,172.0,63.0,3.0,233.0,17.0,226.0,15.0,68.0,189.0,66.0,222.0,242.0,3.0,191.0,214.0,214.0,33.0,48.0,62.0,55.0,90.0
1.0,1.0,0.0,192.0,126.0,170.0,8.0,198.0,110.0,226.0,12.0,228.0,104.0,214.0,18.0,219.0,4.0,250.0,11.0,252.0,155.0,224.0,17.0,228.0,12.0,245.0,30.0,241.0,13.0,237.0,153.0,232.0,15.0,232.0,144.0
0.0,1.0,0.0,218.0,36.0,203.0,81.0,81.0,54.0,79.0,74.0,245.0,71.0,75.0,43.0,233.0,94.0,253.0,103.0,253.0,102.0,70.0,58.0,247.0,98.0,255.0,90.0,255.0,121.0,243.0,84.0,242.0,120.0,244.0,122.0
1.0,1.0,0.0,30.0,56.0,26.0,42.0,39.0,42.0,42.0,31.0,50.0,22.0,62.0,17.0,65.0,10.0,70.0,7.0,65.0,2.0,0.0,1.0,1.0,1.0,1.0,1.0,1.0,1.0,0.0,0.0,0.0,0.0,0.0,0.0
0.0,1.0,0.0,73.0,46.0,98.0,82.0,98.0,47.0,117.0,63.0,139.0,51.0,131.0,50.0,128.0,51.0,128.0,48.0,125.0,79.0,140.0,50.0,160.0,63.0,118.0,82.0,126.0,91.0,139.0,90.0,120.0,68.0,127.0,83.0
1.0,1.0,0.0,24.0,199.0,45.0,187.0,36.0,175.0,43.0,172.0,46.0,168.0,3.0,154.0,2.0,156.0,4.0,160.0,3.0,151.0,1.0,130.0,4.0,3.0,3.0,4.0,3.0,5.0,2.0,3.0,1.0,3.0,58.0,3.0
0.0,1.0,0.0,6.0,195.0,17.0,82.0,17.0,137.0,116.0,139.0,62.0,101.0,5.0,152.0,72.0,116.0,79.0,63.0,106.0,96.0,70.0,32.0,69.0,139.0,65.0,113.0,48.0,153.0,39.0,160.0,8.0,141.0,56.0,181.0
1.0,1.0,0.0,218.0,8.0,203.0,17.0,230.0,39.0,218.0,9.0,237.0,17.0,233.0,149.0,233.0,39.0,232.0,185.0,243.0,3.0,247.0,166.0,247.0,154.0,248.0,188.0,250.0,160.0,243.0,17.0,242.0,154.0,244.0,40.0
0.0,1.0,0.0,130.0,146.0,203.0,141.0,230.0,259.0,206.0,4.0,172.0,126.0,237.0,185.0,233.0,269.0,186.0,167.0,222.0,198.0,247.0,233.0,247.0,138.0,192.0,172.0,255.0,272.0,199.0,174.0,242.0,258.0,244.0,262.0
1.0,1.0,0.0,160.0,15.0,203.0,140.0,230.0,117.0,211.0,100.0,209.0,10.0,237.0,97.0,233.0,157.0,253.0,168.0,225.0,173.0,231.0,144.0,244.0,8.0,244.0,178.0,247.0,179.0,209.0,148.0,242.0,174.0,238.0,169.0
0.0,1.0,0.0,2.0,222.0,24.0,145.0,46.0,185.0,71.0,190.0,78.0,81.0,64.0,186.0,8.0,185.0,10.0,214.0,26.0,217.0,36.0,23.0,99.0,219.0,42.0,79.0,82.0,93.0,27.0,209.0,25.0,89.0,113.0,159.0
1.0,1.0,0.0,67.0,132.0,65.0,134.0,113.0,139.0,137.0,96.0,125.0,101.0,161.0,97.0,149.0,116.0,160.0,189.0,154.0,195.0,172.0,12.0,184.0,139.0,152.0,195.0,158.0,207.0,145.0,200.0,160.0,195.0,165.0,197.0
0.0,1.0,0.0,15.0,6.0,18.0,91.0,17.0,8.0,31.0,19.0,47.0,36.0,0.0,131.0,73.0,20.0,69.0,186.0,7.0,191.0,5.0,147.0,76.0,4.0,62.0,160.0,58.0,6.0,51.0,1.0,59.0,141.0,64.0,21.0
1.0,1.0,0.0,189.0,221.0,99.0,234.0,74.0,239.0,33.0,245.0,15.0,248.0,29.0,223.0,40.0,220.0,45.0,178.0,43.0,72.0,43.0,84.0,28.0,104.0,8.0,130.0,62.0,120.0,97.0,102.0,128.0,70.0,133.0,32.0
0.0,1.0,0.0,14.0,119.0,0.0,124.0,18.0,135.0,7.0,101.0,48.0,31.0,7.0,117.0,7.0,28.0,11.0,180.0,4.0,178.0,76.0,145.0,8.0,6.0,66.0,7.0,45.0,166.0,50.0,149.0,54.0,147.0,8.0,6.0
1.0,1.0,0.0,92.0,9.0,115.0,96.0,144.0,101.0,156.0,104.0,157.0,4.0,173.0,115.0,181.0,128.0,181.0,4.0,184.0,17.0,177.0,150.0,178.0,162.0,172.0,13.0,185.0,156.0,173.0,26.0,203.0,155.0,198.0,143.0
0.0,1.0,0.0,13.0,131.0,13.0,82.0,20.0,19.0,35.0,27.0,1.0,8.0,61.0,15.0,64.0,18.0,7.0,12.0,1.0,165.0,77.0,131.0,77.0,10.0,69.0,162.0,52.0,163.0,48.0,143.0,5.0,7.0,4.0,149.0
1.0,1.0,0.0,49.0,212.0,37.0,196.0,43.0,201.0,34.0,203.0,0.0,214.0,22.0,192.0,24.0,202.0,34.0,176.0,35.0,49.0,15.0,40.0,13.0,83.0,26.0,158.0,50.0,96.0,67.0,73.0,88.0,77.0,93.0,162.0
0.0,1.0,0.0,18.0,109.0,19.0,25.0,29.0,48.0,50.0,35.0,67.0,7.0,71.0,143.0,77.0,56.0,93.0,23.0,78.0,190.0,86.0,126.0,85.0,2.0,75.0,48.0,56.0,161.0,59.0,32.0,62.0,35.0,72.0,38.0
1.0,1.0,0.0,183.0,242.0,47.0,230.0,40.0,235.0,26.0,215.0,37.0,201.0,45.0,97.0,35.0,88.0,28.0,120.0,13.0,124.0,125.0,102.0,172.0,82.0,176.0,37.0,144.0,243.0,118.0,249.0,56.0,235.0,28.0,237.0
0.0,1.0,0.0,11.0,110.0,14.0,5.0,21.0,109.0,32.0,131.0,45.0,102.0,63.0,20.0,1.0,154.0,6.0,154.0,2.0,1.0,79.0,8.0,72.0,139.0,60.0,11.0,47.0,7.0,46.0,8.0,3.0,13.0,61.0,139.0
1.0,1.0,0.0,131.0,105.0,125.0,32.0,137.0,29.0,174.0,149.0,178.0,160.0,188.0,27.0,163.0,138.0,193.0,33.0,195.0,57.0,208.0,140.0,219.0,148.0,191.0,17.0,194.0,30.0,211.0,31.0,183.0,9.0,200.0,50.0
0.0,1.0,0.0,218.0,103.0,203.0,258.0,16.0,259.0,243.0,95.0,245.0,100.0,58.0,96.0,63.0,269.0,253.0,279.0,253.0,265.0,69.0,264.0,247.0,138.0,255.0,155.0,255.0,280.0,243.0,265.0,48.0,262.0,55.0,262.0
1.0,1.0,0.0,129.0,245.0,33.0,249.0,26.0,258.0,24.0,243.0,39.0,210.0,56.0,157.0,51.0,87.0,44.0,114.0,16.0,136.0,96.0,114.0,157.0,79.0,186.0,78.0,170.0,229.0,99.0,246.0,78.0,246.0,16.0,246.0
0.0,1.0,0.0,218.0,268.0,203.0,214.0,103.0,99.0,243.0,266.0,49.0,122.0,237.0,265.0,64.0,116.0,253.0,139.0,253.0,265.0,247.0,264.0,101.0,263.0,255.0,273.0,255.0,280.0,243.0,265.0,47.0,262.0,56.0,139.0
1.0,1.0,0.0,218.0,262.0,63.0,258.0,19.0,259.0,25.0,252.0,41.0,218.0,58.0,158.0,59.0,91.0,42.0,129.0,19.0,137.0,105.0,125.0,175.0,120.0,232.0,74.0,231.0,230.0,170.0,244.0,85.0,260.0,17.0,261.0
0.0,1.0,0.0,9.0,104.0,11.0,81.0,16.0,259.0,30.0,96.0,43.0,268.0,237.0,265.0,233.0,115.0,69.0,140.0,64.0,142.0,69.0,125.0,68.0,263.0,255.0,237.0,255.0,152.0,44.0,140.0,48.0,140.0,55.0,262.0
1.0,1.0,0.0,46.0,255.0,50.0,257.0,10.0,259.0,21.0,244.0,43.0,189.0,58.0,43.0,63.0,75.0,46.0,134.0,127.0,141.0,20.0,111.0,188.0,61.0,100.0,156.0,225.0,253.0,141.0,263.0,82.0,262.0,44.0,262.0
0.0,0.0,0.0,9.0,104.0,12.0,82.0,17.0,100.0,30.0,96.0,44.0,101.0,59.0,97.0,64.0,116.0,69.0,140.0,64.0,142.0,70.0,126.0,69.0,139.0,60.0,156.0,255.0,153.0,44.0,140.0,49.0,141.0,56.0,139.0
1.0,1.0,0.0,218.0,104.0,203.0,82.0,81.0,205.0,148.0,96.0,195.0,162.0,194.0,165.0,184.0,182.0,171.0,215.0,170.0,229.0,174.0,126.0,247.0,64.0,129.0,241.0,176.0,240.0,177.0,216.0,174.0,216.0,175.0,214.0
0.0,0.0,0.0,8.0,268.0,203.0,258.0,17.0,100.0,243.0,95.0,245.0,100.0,237.0,96.0,63.0,115.0,69.0,140.0,63.0,141.0,70.0,126.0,69.0,139.0,59.0,155.0,255.0,152.0,243.0,265.0,48.0,140.0,56.0,139.0
1.0,1.0,0.0,218.0,104.0,203.0,82.0,109.0,153.0,243.0,62.0,185.0,48.0,237.0,61.0,160.0,116.0,176.0,140.0,253.0,47.0,182.0,35.0,160.0,38.0,161.0,156.0,223.0,36.0,243.0,195.0,222.0,47.0,244.0,139.0
0.0,0.0,0.0,9.0,104.0,12.0,82.0,17.0,100.0,30.0,96.0,44.0,101.0,58.0,96.0,64.0,116.0,253.0,262.0,64.0,142.0,70.0,126.0,68.0,263.0,60.0,156.0,255.0,152.0,43.0,139.0,242.0,262.0,56.0,139.0
1.0,1.0,0.0,218.0,256.0,203.0,75.0,230.0,148.0,243.0,50.0,245.0,101.0,237.0,67.0,233.0,68.0,253.0,183.0,253.0,142.0,247.0,78.0,247.0,185.0,255.0,44.0,255.0,34.0,243.0,232.0,242.0,86.0,244.0,66.0
0.0,1.0,0.0,71.0,99.0,12.0,82.0,17.0,100.0,73.0,182.0,86.0,197.0,10.0,215.0,92.0,200.0,36.0,224.0,72.0,61.0,75.0,92.0,47.0,201.0,93.0,88.0,75.0,122.0,112.0,215.0,74.0,12.0,82.0,97.0
1.0,1.0,0.0,218.0,180.0,203.0,179.0,230.0,198.0,243.0,136.0,245.0,177.0,237.0,158.0,233.0,224.0,253.0,29.0,253.0,50.0,247.0,220.0,247.0,230.0,255.0,50.0,255.0,228.0,243.0,171.0,242.0,221.0,244.0,205.0
0.0,1.0,0.0,9.0,104.0,11.0,76.0,230.0,208.0,44.0,76.0,43.0,83.0,72.0,87.0,233.0,115.0,69.0,140.0,193.0,37.0,21.0,264.0,87.0,117.0,60.0,156.0,16.0,107.0,17.0,110.0,185.0,261.0,50.0,231.0
1.0,1.0,0.0,167.0,224.0,130.0,60.0,116.0,178.0,186.0,47.0,198.0,128.0,172.0,161.0,141.0,116.0,208.0,164.0,253.0,193.0,156.0,26.0,180.0,200.0,198.0,52.0,201.0,183.0,243.0,211.0,179.0,141.0,179.0,161.0
0.0,1.0,0.0,21.0,71.0,12.0,82.0,17.0,100.0,30.0,96.0,44.0,101.0,68.0,57.0,64.0,116.0,69.0,140.0,64.0,142.0,70.0,126.0,9.0,31.0,71.0,187.0,65.0,59.0,61.0,192.0,53.0,22.0,81.0,202.0
1.0,1.0,0.0,218.0,49.0,203.0,47.0,226.0,78.0,243.0,85.0,227.0,80.0,183.0,82.0,204.0,102.0,167.0,125.0,157.0,120.0,195.0,112.0,144.0,122.0,163.0,154.0,115.0,145.0,100.0,132.0,86.0,136.0,98.0,135.0
0.0,1.0,0.0,218.0,268.0,11.0,258.0,16.0,93.0,75.0,175.0,95.0,140.0,79.0,133.0,91.0,206.0,166.0,18.0,80.0,231.0,70.0,126.0,26.0,51.0,255.0,135.0,255.0,152.0,243.0,81.0,103.0,203.0,207.0,174.0
1.0,1.0,0.0,218.0,215.0,202.0,87.0,145.0,79.0,199.0,77.0,144.0,69.0,148.0,69.0,142.0,97.0,112.0,118.0,100.0,113.0,143.0,79.0,134.0,77.0,83.0,119.0,80.0,108.0,63.0,100.0,69.0,113.0,86.0,103.0
0.0,0.0,0.0,8.0,268.0,203.0,81.0,17.0,100.0,30.0,96.0,245.0,100.0,237.0,265.0,64.0,116.0,253.0,139.0,64.0,142.0,70.0,126.0,247.0,263.0,59.0,273.0,255.0,152.0,43.0,265.0,48.0,140.0,56.0,139.0
1.0,1.0,0.0,169.0,76.0,183.0,63.0,173.0,72.0,167.0,81.0,161.0,76.0,139.0,84.0,124.0,103.0,102.0,130.0,84.0,126.0,110.0,94.0,107.0,108.0,74.0,129.0,57.0,125.0,9.0,111.0,4.0,114.0,12.0,104.0
0.0,1.0,0.0,8.0,103.0,7.0,258.0,230.0,99.0,243.0,206.0,44.0,101.0,80.0,96.0,233.0,269.0,69.0,140.0,253.0,265.0,247.0,264.0,69.0,139.0,49.0,273.0,84.0,152.0,243.0,139.0,175.0,140.0,128.0,262.0
1.0,1.0,0.0,122.0,252.0,48.0,248.0,27.0,251.0,22.0,242.0,36.0,224.0,57.0,175.0,52.0,83.0,41.0,126.0,21.0,134.0,90.0,119.0,128.0,113.0,180.0,92.0,184.0,192.0,157.0,231.0,97.0,242.0,2.0,249.0
0.0,1.0,0.0,218.0,268.0,12.0,82.0,230.0,99.0,29.0,95.0,245.0,268.0,237.0,96.0,64.0,116.0,253.0,139.0,253.0,265.0,70.0,126.0,247.0,138.0,59.0,155.0,255.0,280.0,43.0,265.0,48.0,262.0,56.0,139.0
1.0,1.0,0.0,218.0,264.0,203.0,258.0,133.0,259.0,21.0,266.0,43.0,268.0,59.0,265.0,63.0,269.0,68.0,140.0,63.0,123.0,69.0,123.0,68.0,78.0,29.0,155.0,68.0,152.0,243.0,139.0,49.0,140.0,244.0,123.0
0.0,0.0,0.0,8.0,268.0,11.0,81.0,17.0,100.0,29.0,266.0,245.0,100.0,58.0,96.0,63.0,269.0,69.0,140.0,63.0,141.0,69.0,264.0,69.0,139.0,255.0,155.0,255.0,280.0,243.0,139.0,242.0,262.0,56.0,139.0
1.0,1.0,0.0,218.0,154.0,203.0,157.0,230.0,173.0,243.0,66.0,245.0,198.0,237.0,211.0,233.0,241.0,25.0,279.0,253.0,142.0,247.0,262.0,247.0,263.0,255.0,273.0,255.0,280.0,243.0,216.0,242.0,262.0,244.0,262.0
0.0,0.0,0.0,8.0,103.0,12.0,82.0,17.0,100.0,30.0,96.0,44.0,101.0,59.0,97.0,233.0,115.0,69.0,140.0,63.0,141.0,70.0,126.0,247.0,263.0,255.0,155.0,255.0,152.0,44.0,140.0,49.0,141.0,56.0,139.0
1.0,1.0,0.0,77.0,47.0,55.0,56.0,7.0,71.0,67.0,132.0,82.0,72.0,84.0,72.0,69.0,70.0,88.0,90.0,76.0,88.0,83.0,72.0,80.0,68.0,63.0,81.0,2.0,85.0,4.0,71.0,11.0,63.0,62.0,80.0
0.0,1.0,0.0,9.0,104.0,12.0,82.0,17.0,100.0,30.0,96.0,245.0,79.0,75.0,184.0,64.0,116.0,69.0,140.0,64.0,142.0,17.0,54.0,17.0,262.0,59.0,240.0,53.0,275.0,18.0,139.0,15.0,84.0,27.0,136.0
1.0,1.0,0.0,218.0,144.0,199.0,146.0,209.0,157.0,219.0,79.0,133.0,215.0,162.0,182.0,151.0,195.0,151.0,220.0,136.0,216.0,127.0,216.0,117.0,214.0,108.0,225.0,83.0,237.0,84.0,214.0,83.0,207.0,85.0,201.0
0.0,1.0,0.0,218.0,54.0,11.0,81.0,16.0,99.0,243.0,185.0,166.0,235.0,58.0,96.0,63.0,269.0,113.0,279.0,253.0,265.0,161.0,125.0,68.0,138.0,196.0,233.0,255.0,280.0,243.0,237.0,48.0,94.0,55.0,252.0
1.0,1.0,0.0,178.0,2.0,60.0,209.0,193.0,84.0,213.0,166.0,224.0,150.0,235.0,145.0,201.0,148.0,198.0,82.0,213.0,60.0,198.0,213.0,182.0,19.0,204.0,21.0,211.0,21.0,240.0,190.0,192.0,42.0,213.0,61.0
0.0,1.0,0.0,218.0,103.0,203.0,258.0,230.0,259.0,243.0,92.0,245.0,268.0,237.0,265.0,233.0,269.0,69.0,140.0,253.0,265.0,247.0,264.0,247.0,138.0,255.0,273.0,255.0,265.0,243.0,124.0,44.0,262.0,244.0,262.0
1.0,1.0,0.0,218.0,213.0,203.0,79.0,230.0,52.0,243.0,164.0,245.0,183.0,230.0,32.0,233.0,160.0,238.0,69.0,196.0,62.0,234.0,152.0,245.0,187.0,255.0,10.0,242.0,32.0,219.0,163.0,242.0,51.0,233.0,57.0
0.0,1.0,0.0,36.0,103.0,11.0,81.0,3.0,259.0,243.0,260.0,152.0,85.0,58.0,90.0,9.0,269.0,114.0,237.0,90.0,86.0,13.0,52.0,11.0,169.0,64.0,180.0,49.0,9.0,3.0,9.0,2.0,143.0,57.0,141.0
1.0,1.0,0.0,110.0,241.0,122.0,61.0,230.0,46.0,232.0,44.0,142.0,174.0,236.0,106.0,227.0,132.0,253.0,53.0,237.0,192.0,247.0,128.0,218.0,217.0,255.0,56.0,255.0,4.0,178.0,177.0,242.0,62.0,244.0,31.0
0.0,0.0,0.0,9.0,104.0,12.0,82.0,17.0,100.0,30.0,96.0,44.0,101.0,237.0,265.0,233.0,269.0,253.0,139.0,64.0,142.0,247.0,264.0,247.0,138.0,255.0,273.0,255.0,153.0,243.0,265.0,242.0,140.0,56.0,139.0
1.0,1.0,0.0,218.0,83.0,203.0,71.0,202.0,80.0,243.0,84.0,204.0,94.0,197.0,79.0,154.0,107.0,159.0,116.0,137.0,115.0,160.0,105.0,138.0,131.0,127.0,140.0,90.0,138.0,80.0,128.0,72.0,127.0,77.0,125.0
0.0,1.0,0.0,9.0,104.0,12.0,82.0,17.0,100.0,27.0,95.0,44.0,101.0,237.0,96.0,64.0,116.0,68.0,139.0,63.0,141.0,247.0,125.0,49.0,138.0,255.0,273.0,43.0,78.0,243.0,139.0,49.0,262.0,56.0,139.0
1.0,1.0,0.0,218.0,165.0,180.0,38.0,134.0,100.0,243.0,96.0,220.0,101.0,237.0,120.0,198.0,27.0,253.0,140.0,253.0,142.0,202.0,182.0,186.0,185.0,224.0,174.0,224.0,174.0,230.0,188.0,213.0,39.0,214.0,163.0
0.0,0.0,0.0,9.0,104.0,11.0,258.0,230.0,259.0,29.0,95.0,44.0,101.0,58.0,96.0,63.0,89.0,68.0,139.0,253.0,141.0,247.0,125.0,69.0,139.0,255.0,155.0,43.0,152.0,44.0,140.0,242.0,140.0,56.0,139.0
1.0,1.0,0.0,164.0,53.0,186.0,168.0,154.0,147.0,205.0,17.0,229.0,62.0,222.0,168.0,212.0,134.0,253.0,140.0,253.0,142.0,179.0,191.0,209.0,149.0,210.0,167.0,229.0,173.0,224.0,47.0,235.0,162.0,222.0,167.0
0.0,1.0,0.0,8.0,268.0,11.0,159.0,47.0,259.0,29.0,266.0,43.0,100.0,237.0,265.0,63.0,78.0,91.0,139.0,253.0,265.0,27.0,125.0,68.0,138.0,255.0,155.0,43.0,29.0,243.0,139.0,48.0,93.0,79.0,262.0
1.0,1.0,0.0,51.0,57.0,133.0,105.0,157.0,126.0,132.0,30.0,138.0,101.0,159.0,128.0,162.0,152.0,196.0,238.0,253.0,179.0,169.0,177.0,168.0,180.0,115.0,214.0,157.0,202.0,131.0,70.0,161.0,176.0,153.0,182.0
0.0,1.0,0.0,0.0,92.0,12.0,82.0,1.0,259.0,30.0,96.0,44.0,101.0,59.0,97.0,64.0,116.0,69.0,140.0,87.0,262.0,29.0,254.0,33.0,129.0,60.0,156.0,31.0,113.0,44.0,140.0,49.0,141.0,56.0,139.0
1.0,1.0,0.0,218.0,256.0,203.0,221.0,151.0,217.0,243.0,50.0,245.0,101.0,166.0,81.0,125.0,193.0,253.0,124.0,253.0,84.0,218.0,88.0,247.0,178.0,255.0,44.0,255.0,200.0,243.0,227.0,242.0,243.0,182.0,210.0
0.0,0.0,0.0,8.0,103.0,203.0,81.0,16.0,259.0,30.0,96.0,245.0,100.0,237.0,96.0,64.0,116.0,69.0,140.0,64.0,142.0,69.0,264.0,247.0,138.0,59.0,273.0,255.0,280.0,44.0,140.0,242.0,232.0,56.0,139.0
1.0,1.0,0.0,47.0,165.0,66.0,143.0,45.0,163.0,120.0,96.0,79.0,41.0,99.0,39.0,98.0,8.0,145.0,68.0,109.0,142.0,107.0,30.0,95.0,202.0,106.0,44.0,89.0,15.0,82.0,140.0,106.0,141.0,96.0,12.0
0.0,1.0,0.0,8.0,95.0,12.0,82.0,16.0,219.0,28.0,266.0,44.0,101.0,59.0,97.0,64.0,116.0,69.0,140.0,64.0,142.0,69.0,125.0,69.0,139.0,94.0,219.0,255.0,257.0,44.0,140.0,49.0,141.0,56.0,139.0
1.0,1.0,0.0,218.0,190.0,203.0,240.0,230.0,226.0,243.0,69.0,177.0,57.0,237.0,108.0,233.0,116.0,108.0,58.0,253.0,167.0,247.0,67.0,247.0,139.0,91.0,91.0,255.0,180.0,243.0,167.0,242.0,240.0,244.0,139.0
0.0,0.0,0.0,218.0,268.0,203.0,81.0,230.0,259.0,243.0,266.0,245.0,268.0,237.0,96.0,233.0,269.0,253.0,139.0,253.0,141.0,247.0,264.0,247.0,263.0,255.0,155.0,255.0,280.0,243.0,265.0,242.0,262.0,244.0,262.0
1.0,1.0,0.0,135.0,257.0,52.0,254.0,28.0,256.0,23.0,241.0,38.0,217.0,55.0,173.0,46.0,81.0,39.0,123.0,20.0,131.0,91.0,113.0,129.0,105.0,167.0,80.0,164.0,208.0,133.0,229.0,92.0,239.0,11.0,242.0
0.0,0.0,0.0,218.0,103.0,203.0,258.0,230.0,99.0,243.0,266.0,245.0,100.0,237.0,96.0,233.0,115.0,253.0,279.0,253.0,265.0,247.0,264.0,247.0,138.0,255.0,273.0,255.0,280.0,243.0,265.0,242.0,262.0,244.0,138.0
1.0,1.0,0.0,173.0,138.0,151.0,160.0,170.0,171.0,170.0,194.0,164.0,199.0,153.0,203.0,130.0,226.0,139.0,243.0,122.0,230.0,120.0,235.0,115.0,239.0,101.0,246.0,77.0,259.0,74.0,239.0,66.0,230.0,71.0,233.0
0.0,0.0,0.0,218.0,268.0,203.0,81.0,230.0,99.0,243.0,266.0,44.0,101.0,237.0,96.0,64.0,116.0,69.0,140.0,64.0,142.0,69.0,264.0,247.0,263.0,60.0,156.0,255.0,280.0,44.0,140.0,48.0,140.0,56.0,139.0
1.0,1.0,0.0,176.0,189.0,169.0,185.0,168.0,197.0,157.0,200.0,147.0,222.0,128.0,243.0,101.0,250.0,105.0,268.0,83.0,261.0,89.0,260.0,70.0,261.0,9.0,266.0,19.0,276.0,23.0,258.0,30.0,244.0,42.0,241.0
0.0,0.0,0.0,218.0,103.0,11.0,258.0,16.0,259.0,243.0,266.0,245.0,268.0,58.0,96.0,63.0,115.0,253.0,279.0,253.0,141.0,69.0,125.0,68.0,138.0,255.0,156.0,255.0,152.0,243.0,139.0,48.0,262.0,55.0,262.0
1.0,1.0,0.0,111.0,183.0,100.0,180.0,105.0,166.0,81.0,198.0,93.0,206.0,83.0,225.0,84.0,208.0,78.0,244.0,10.0,235.0,2.0,224.0,10.0,232.0,19.0,236.0,17.0,245.0,19.0,224.0,24.0,212.0,30.0,215.0
0.0,0.0,0.0,218.0,103.0,203.0,258.0,230.0,99.0,243.0,266.0,245.0,100.0,237.0,265.0,233.0,115.0,253.0,139.0,253.0,265.0,247.0,264.0,247.0,138.0,255.0,155.0,255.0,152.0,243.0,265.0,242.0,140.0,244.0,262.0
1.0,1.0,0.0,203.0,184.0,171.0,172.0,181.0,186.0,195.0,187.0,176.0,204.0,147.0,216.0,137.0,240.0,136.0,254.0,114.0,248.0,112.0,250.0,110.0,255.0,88.0,263.0,63.0,277.0,54.0,261.0,7.0,254.0,15.0,253.0
0.0,0.0,0.0,9.0,104.0,203.0,258.0,17.0,100.0,243.0,266.0,44.0,101.0,237.0,96.0,64.0,116.0,69.0,140.0,64.0,142.0,70.0,126.0,69.0,139.0,60.0,156.0,255.0,152.0,44.0,140.0,48.0,262.0,56.0,139.0
1.0,1.0,0.0,171.0,193.0,142.0,192.0,123.0,195.0,138.0,208.0,114.0,226.0,96.0,242.0,89.0,245.0,85.0,265.0,68.0,251.0,11.0,256.0,20.0,252.0,28.0,254.0,25.0,261.0,26.0,236.0,35.0,225.0,45.0,222.0
0.0,0.0,0.0,9.0,104.0,203.0,258.0,230.0,259.0,30.0,96.0,44.0,101.0,58.0,96.0,64.0,116.0,68.0,139.0,64.0,142.0,70.0,126.0,247.0,263.0,60.0,156.0,255.0,280.0,44.0,140.0,48.0,262.0,56.0,139.0
1.0,1.0,0.0,149.0,239.0,76.0,238.0,48.0,245.0,6.0,246.0,21.0,239.0,39.0,224.0,49.0,192.0,55.0,38.0,42.0,89.0,35.0,95.0,16.0,111.0,73.0,128.0,81.0,109.0,113.0,87.0,132.0,40.0,118.0,189.0
0.0,0.0,0.0,218.0,103.0,203.0,258.0,230.0,259.0,243.0,266.0,245.0,268.0,237.0,96.0,233.0,269.0,253.0,279.0,253.0,141.0,247.0,125.0,247.0,138.0,255.0,155.0,255.0,280.0,243.0,139.0,242.0,262.0,244.0,262.0
1.0,1.0,0.0,94.0,88.0,118.0,147.0,141.0,158.0,104.0,134.0,245.0,175.0,145.0,189.0,134.0,204.0,116.0,204.0,148.0,16.0,139.0,223.0,133.0,234.0,240.0,248.0,105.0,255.0,60.0,265.0,102.0,231.0,101.0,236.0
0.0,0.0,0.0,9.0,104.0,12.0,82.0,17.0,100.0,30.0,96.0,44.0,101.0,59.0,97.0,64.0,116.0,69.0,140.0,64.0,142.0,70.0,126.0,69.0,139.0,60.0,156.0,255.0,280.0,44.0,140.0,49.0,141.0,56.0,139.0
1.0,1.0,0.0,188.0,115.0,187.0,2.0,223.0,103.0,221.0,113.0,211.0,124.0,225.0,122.0,228.0,129.0,229.0,177.0,248.0,4.0,237.0,159.0,238.0,171.0,234.0,183.0,239.0,178.0,238.0,145.0,237.0,167.0,244.0,2.0
0.0,0.0,0.0,218.0,268.0,11.0,81.0,16.0,99.0,30.0,96.0,44.0,101.0,58.0,96.0,64.0,116.0,69.0,140.0,64.0,142.0,69.0,264.0,247.0,263.0,60.0,156.0,255.0,152.0,44.0,140.0,48.0,140.0,55.0,138.0
1.0,1.0,0.0,57.0,72.0,91.0,102.0,117.0,121.0,131.0,110.0,76.0,133.0,136.0,119.0,133.0,147.0,154.0,171.0,143.0,27.0,148.0,169.0,153.0,173.0,201.0,210.0,143.0,195.0,101.0,173.0,151.0,173.0,145.0,180.0
0.0,1.0,0.0,87.0,268.0,160.0,78.0,150.0,133.0,150.0,156.0,180.0,231.0,138.0,174.0,155.0,175.0,223.0,81.0,163.0,210.0,150.0,211.0,147.0,257.0,255.0,123.0,219.0,232.0,167.0,240.0,242.0,30.0,152.0,206.0
1.0,1.0,0.0,105.0,45.0,203.0,72.0,230.0,94.0,161.0,138.0,94.0,91.0,237.0,48.0,233.0,113.0,115.0,147.0,192.0,32.0,240.0,51.0,247.0,206.0,168.0,85.0,226.0,90.0,186.0,154.0,217.0,85.0,244.0,114.0
0.0,1.0,0.0,37.0,194.0,35.0,138.0,44.0,176.0,62.0,160.0,64.0,179.0,82.0,198.0,75.0,188.0,5.0,227.0,69.0,213.0,93.0,184.0,82.0,216.0,5.0,227.0,11.0,239.0,12.0,201.0,13.0,219.0,24.0,212.0
1.0,1.0,0.0,61.0,26.0,104.0,29.0,100.0,9.0,100.0,127.0,121.0,152.0,118.0,16.0,122.0,127.0,162.0,152.0,138.0,153.0,118.0,11.0,145.0,153.0,129.0,173.0,148.0,10.0,151.0,52.0,173.0,6.0,163.0,19.0
0.0,1.0,0.0,16.0,68.0,1.0,130.0,25.0,21.0,0.0,169.0,56.0,101.0,70.0,40.0,71.0,116.0,73.0,13.0,14.0,76.0,81.0,142.0,81.0,150.0,72.0,204.0,79.0,35.0,8.0,41.0,57.0,160.0,66.0,55.0
1.0,1.0,0.0,70.0,176.0,89.0,34.0,115.0,118.0,145.0,99.0,145.0,169.0,141.0,0.0,168.0,159.0,192.0,64.0,159.0,42.0,146.0,3.0,148.0,189.0,170.0,46.0,166.0,14.0,155.0,166.0,196.0,24.0,171.0,27.0
0.0,1.0,0.0,25.0,233.0,12.0,82.0,11.0,99.0,30.0,96.0,57.0,33.0,59.0,97.0,64.0,116.0,69.0,140.0,64.0,142.0,73.0,248.0,22.0,221.0,12.0,232.0,54.0,152.0,44.0,140.0,60.0,140.0,56.0,139.0
1.0,1.0,0.0,141.0,7.0,152.0,15.0,200.0,17.0,196.0,67.0,170.0,45.0,192.0,105.0,197.0,57.0,206.0,31.0,223.0,13.0,206.0,41.0,195.0,44.0,223.0,68.0,213.0,72.0,198.0,48.0,220.0,61.0,224.0,65.0
0.0,1.0,0.0,43.0,92.0,12.0,82.0,17.0,100.0,90.0,204.0,117.0,113.0,59.0,97.0,64.0,116.0,81.0,109.0,135.0,69.0,70.0,126.0,69.0,139.0,251.0,107.0,43.0,152.0,21.0,126.0,49.0,141.0,56.0,139.0
1.0,1.0,0.0,150.0,120.0,161.0,99.0,194.0,111.0,197.0,56.0,191.0,40.0,205.0,6.0,207.0,49.0,203.0,24.0,217.0,24.0,210.0,38.0,212.0,41.0,197.0,55.0,207.0,63.0,200.0,49.0,206.0,50.0,216.0,58.0
0.0,1.0,0.0,9.0,104.0,203.0,155.0,179.0,20.0,30.0,96.0,245.0,90.0,237.0,176.0,233.0,30.0,253.0,136.0,64.0,142.0,247.0,16.0,247.0,54.0,60.0,156.0,255.0,152.0,44.0,140.0,242.0,183.0,221.0,51.0
1.0,1.0,0.0,112.0,134.0,136.0,0.0,143.0,107.0,159.0,22.0,181.0,101.0,182.0,31.0,183.0,117.0,191.0,28.0,190.0,52.0,180.0,27.0,200.0,24.0,183.0,40.0,189.0,51.0,195.0,43.0,201.0,23.0,205.0,62.0
0.0,1.0,0.0,9.0,104.0,12.0,82.0,17.0,100.0,30.0,96.0,44.0,101.0,58.0,265.0,233.0,233.0,69.0,140.0,64.0,142.0,70.0,126.0,69.0,139.0,60.0,156.0,255.0,280.0,44.0,140.0,49.0,141.0,56.0,139.0
1.0,1.0,0.0,54.0,124.0,39.0,39.0,82.0,28.0,96.0,153.0,92.0,135.0,110.0,45.0,102.0,22.0,120.0,30.0,126.0,8.0,122.0,13.0,122.0,5.0,146.0,156.0,127.0,26.0,111.0,162.0,144.0,25.0,156.0,47.0
0.0,0.0,0.0,9.0,104.0,12.0,82.0,17.0,100.0,30.0,96.0,44.0,101.0,59.0,97.0,64.0,116.0,69.0,140.0,64.0,142.0,70.0,126.0,69.0,139.0,60.0,156.0,255.0,152.0,44.0,140.0,49.0,141.0,56.0,139.0
1.0,1.0,0.0,218.0,259.0,203.0,182.0,42.0,259.0,56.0,250.0,6.0,240.0,21.0,232.0,25.0,210.0,31.0,202.0,28.0,146.0,24.0,29.0,15.0,45.0,10.0,53.0,6.0,57.0,47.0,35.0,51.0,19.0,63.0,15.0
0.0,1.0,0.0,9.0,104.0,12.0,82.0,230.0,259.0,29.0,95.0,44.0,101.0,237.0,43.0,64.0,116.0,69.0,140.0,63.0,265.0,247.0,264.0,247.0,138.0,60.0,156.0,255.0,152.0,44.0,140.0,49.0,141.0,244.0,262.0
1.0,1.0,0.0,136.0,238.0,69.0,237.0,53.0,244.0,3.0,248.0,24.0,237.0,43.0,214.0,45.0,187.0,56.0,51.0,44.0,97.0,32.0,101.0,12.0,118.0,76.0,134.0,93.0,114.0,129.0,88.0,150.0,27.0,139.0,196.0
0.0,1.0,0.0,9.0,104.0,12.0,82.0,17.0,100.0,29.0,266.0,44.0,101.0,237.0,199.0,10.0,53.0,69.0,140.0,63.0,141.0,70.0,126.0,247.0,138.0,60.0,156.0,255.0,233.0,44.0,140.0,49.0,141.0,56.0,139.0
1.0,1.0,0.0,144.0,253.0,59.0,250.0,38.0,254.0,12.0,254.0,31.0,229.0,52.0,194.0,54.0,31.0,53.0,108.0,33.0,127.0,9.0,115.0,94.0,124.0,140.0,124.0,171.0,89.0,169.0,191.0,154.0,223.0,107.0,243.0
1.0,1.0,0.0,32.0,128.0,20.0,175.0,33.0,233.0,14.0,253.0,4.0,171.0,35.0,183.0,57.0,34.0,14.0,59.0,23.0,105.0,10.0,118.0,75.0,62.0,89.0,39.0,87.0,64.0,85.0,45.0,67.0,185.0,74.0,203.0
1.0,1.0,0.0,116.0,244.0,53.0,251.0,30.0,248.0,20.0,236.0,35.0,220.0,53.0,178.0,50.0,79.0,40.0,119.0,17.0,138.0,87.0,121.0,125.0,119.0,188.0,89.0,196.0,196.0,164.0,235.0,110.0,248.0,5.0,258.0
1.0,1.0,0.0,72.0,30.0,58.0,88.0,97.0,43.0,118.0,102.0,124.0,34.0,133.0,138.0,123.0,47.0,155.0,184.0,156.0,142.0,141.0,185.0,123.0,152.0,158.0,197.0,145.0,167.0,127.0,165.0,166.0,5.0,162.0,49.0
1.0,1.0,0.0,97.0,18.0,90.0,116.0,122.0,162.0,158.0,143.0,167.0,203.0,124.0,98.0,139.0,186.0,253.0,173.0,139.0,177.0,159.0,154.0,131.0,64.0,173.0,61.0,150.0,190.0,86.0,185.0,149.0,170.0,159.0,204.0
1.0,1.0,0.0,69.0,204.0,111.0,106.0,136.0,127.0,121.0,58.0,156.0,146.0,149.0,130.0,146.0,153.0,156.0,40.0,140.0,207.0,155.0,176.0,155.0,179.0,147.0,41.0,139.0,198.0,137.0,219.0,139.0,175.0,135.0,179.0
1.0,1.0,0.0,86.0,145.0,135.0,83.0,161.0,102.0,173.0,154.0,154.0,127.0,167.0,99.0,169.0,121.0,183.0,50.0,179.0,22.0,178.0,136.0,176.0,144.0,190.0,28.0,167.0,159.0,152.0,198.0,171.0,148.0,168.0,146.0
1.0,1.0,0.0,55.0,104.0,32.0,148.0,77.0,138.0,92.0,20.0,77.0,52.0,100.0,124.0,100.0,133.0,99.0,209.0,103.0,204.0,111.0,9.0,105.0,39.0,122.0,8.0,102.0,189.0,102.0,164.0,104.0,192.0,125.0,200.0
1.0,1.0,0.0,109.0,166.0,110.0,173.0,120.0,183.0,135.0,195.0,132.0,211.0,115.0,233.0,99.0,237.0,98.0,256.0,86.0,242.0,84.0,249.0,73.0,254.0,11.0,251.0,13.0,263.0,15.0,242.0,22.0,233.0,32.0,229.0
1.0,1.0,0.0,218.0,169.0,203.0,183.0,219.0,188.0,162.0,205.0,153.0,223.0,112.0,239.0,108.0,251.0,95.0,267.0,79.0,259.0,85.0,258.0,5.0,258.0,20.0,261.0,21.0,269.0,22.0,251.0,31.0,236.0,39.0,230.0
1.0,1.0,0.0,151.0,186.0,146.0,193.0,142.0,199.0,119.0,210.0,108.0,228.0,93.0,244.0,82.0,254.0,77.0,266.0,9.0,252.0,19.0,245.0,27.0,245.0,34.0,242.0,26.0,249.0,28.0,221.0,34.0,200.0,43.0,168.0
1.0,1.0,0.0,187.0,202.0,155.0,194.0,164.0,204.0,144.0,212.0,118.0,232.0,103.0,254.0,87.0,266.0,83.0,276.0,0.0,263.0,16.0,261.0,30.0,260.0,36.0,264.0,29.0,267.0,38.0,238.0,46.0,226.0,52.0,208.0
1.0,1.0,0.0,168.0,203.0,140.0,200.0,125.0,200.0,111.0,218.0,101.0,233.0,92.0,249.0,78.0,259.0,71.0,272.0,15.0,253.0,30.0,255.0,40.0,248.0,39.0,244.0,30.0,250.0,35.0,222.0,39.0,188.0,47.0,166.0
1.0,1.0,0.0,106.0,210.0,67.0,204.0,75.0,209.0,53.0,176.0,61.0,221.0,11.0,206.0,64.0,227.0,18.0,233.0,39.0,221.0,31.0,205.0,37.0,176.0,33.0,24.0,23.0,68.0,20.0,66.0,20.0,78.0,18.0,81.0
1.0,1.0,0.0,64.0,96.0,138.0,222.0,148.0,142.0,106.0,165.0,74.0,178.0,106.0,160.0,126.0,183.0,163.0,234.0,123.0,201.0,151.0,215.0,163.0,172.0,131.0,224.0,117.0,242.0,119.0,223.0,121.0,217.0,115.0,213.0
1.0,1.0,0.0,218.0,179.0,88.0,49.0,149.0,152.0,139.0,105.0,110.0,38.0,137.0,162.0,115.0,142.0,122.0,16.0,161.0,208.0,170.0,174.0,104.0,164.0,134.0,234.0,118.0,227.0,65.0,226.0,123.0,199.0,148.0,195.0
1.0,1.0,0.0,127.0,153.0,121.0,12.0,132.0,23.0,129.0,39.0,119.0,37.0,134.0,26.0,127.0,38.0,104.0,165.0,166.0,149.0,135.0,24.0,136.0,33.0,121.0,76.0,114.0,53.0,130.0,40.0,124.0,41.0,120.0,52.0
1.0,1.0,0.0,218.0,158.0,185.0,4.0,212.0,6.0,190.0,21.0,245.0,108.0,219.0,8.0,222.0,11.0,246.0,144.0,224.0,40.0,228.0,6.0,231.0,13.0,249.0,163.0,236.0,25.0,243.0,28.0,228.0,16.0,226.0,22.0
1.0,1.0,0.0,52.0,60.0,38.0,50.0,114.0,82.0,142.0,142.0,68.0,66.0,105.0,171.0,97.0,52.0,106.0,174.0,115.0,85.0,134.0,204.0,114.0,183.0,169.0,212.0,129.0,67.0,66.0,82.0,134.0,158.0,126.0,110.0
1.0,1.0,0.0,74.0,34.0,107.0,114.0,99.0,193.0,123.0,2.0,128.0,147.0,158.0,78.0,147.0,232.0,138.0,197.0,144.0,211.0,147.0,60.0,170.0,196.0,154.0,218.0,163.0,226.0,150.0,175.0,170.0,201.0,176.0,223.0
1.0,1.0,0.0,56.0,32.0,61.0,100.0,95.0,116.0,109.0,124.0,134.0,2.0,144.0,22.0,129.0,125.0,132.0,151.0,149.0,35.0,137.0,196.0,141.0,18.0,119.0,177.0,132.0,158.0,121.0,22.0,145.0,180.0,160.0,45.0
1.0,1.0,0.0,91.0,5.0,79.0,26.0,104.0,33.0,155.0,145.0,136.0,151.0,127.0,170.0,117.0,12.0,126.0,20.0,112.0,44.0,149.0,200.0,112.0,205.0,132.0,38.0,106.0,154.0,88.0,34.0,136.0,43.0,99.0,29.0
1.0,1.0,0.0,84.0,172.0,109.0,118.0,107.0,144.0,113.0,3.0,160.0,159.0,119.0,127.0,121.0,166.0,178.0,65.0,169.0,46.0,123.0,137.0,149.0,181.0,161.0,54.0,153.0,22.0,180.0,155.0,165.0,33.0,137.0,26.0
1.0,1.0,0.0,68.0,22.0,80.0,120.0,88.0,30.0,97.0,128.0,143.0,39.0,116.0,13.0,105.0,162.0,146.0,193.0,130.0,14.0,130.0,133.0,173.0,16.0,133.0,25.0,136.0,157.0,143.0,2.0,157.0,14.0,132.0,170.0
1.0,1.0,0.0,53.0,167.0,27.0,129.0,57.0,100.0,108.0,15.0,115.0,117.0,89.0,125.0,103.0,120.0,111.0,44.0,105.0,145.0,103.0,163.0,89.0,211.0,95.0,57.0,91.0,177.0,103.0,206.0,93.0,141.0,108.0,14.0
1.0,1.0,0.0,212.0,125.0,165.0,197.0,160.0,191.0,147.0,202.0,151.0,212.0,109.0,230.0,95.0,244.0,96.0,258.0,85.0,247.0,82.0,253.0,79.0,251.0,22.0,257.0,14.0,262.0,14.0,241.0,29.0,228.0,36.0,226.0
1.0,1.0,0.0,207.0,196.0,154.0,198.0,153.0,202.0,140.0,214.0,116.0,230.0,95.0,250.0,83.0,261.0,75.0,273.0,12.0,258.0,23.0,257.0,35.0,253.0,38.0,249.0,28.0,254.0,33.0,225.0,40.0,198.0,48.0,158.0
1.0,1.0,0.0,217.0,211.0,159.0,211.0,131.0,215.0,99.0,227.0,81.0,254.0,66.0,251.0,6.0,265.0,19.0,261.0,31.0,238.0,46.0,230.0,52.0,224.0,45.0,202.0,35.0,170.0,36.0,51.0,36.0,73.0,41.0,91.0
1.0,1.0,0.0,182.0,208.0,181.0,206.0,146.0,212.0,107.0,221.0,85.0,244.0,73.0,261.0,70.0,268.0,17.0,271.0,30.0,250.0,39.0,242.0,54.0,237.0,47.0,228.0,41.0,221.0,41.0,24.0,45.0,60.0,49.0,89.0
1.0,1.0,0.0,179.0,219.0,120.0,218.0,94.0,232.0,76.0,230.0,59.0,256.0,15.0,260.0,23.0,256.0,38.0,251.0,55.0,223.0,63.0,206.0,61.0,21.0,51.0,87.0,33.0,106.0,25.0,116.0,23.0,125.0,14.0,126.0
1.0,1.0,0.0,156.0,231.0,83.0,227.0,68.0,253.0,2.0,229.0,13.0,234.0,18.0,210.0,31.0,197.0,47.0,191.0,34.0,33.0,62.0,21.0,31.0,94.0,15.0,122.0,55.0,115.0,76.0,107.0,107.0,88.0,121.0,192.0
1.0,1.0,0.0,28.0,170.0,25.0,166.0,22.0,190.0,49.0,179.0,55.0,176.0,8.0,164.0,5.0,163.0,9.0,163.0,6.0,150.0,3.0,0.0,7.0,7.0,4.0,14.0,4.0,12.0,1.0,6.0,50.0,4.0,60.0,8.0
1.0,1.0,0.0,63.0,85.0,203.0,199.0,128.0,5.0,168.0,171.0,100.0,74.0,130.0,135.0,136.0,179.0,165.0,107.0,175.0,174.0,157.0,209.0,201.0,87.0,155.0,33.0,134.0,58.0,134.0,50.0,68.0,49.0,124.0,54.0
1.0,1.0,0.0,119.0,185.0,96.0,131.0,108.0,146.0,64.0,159.0,90.0,173.0,104.0,163.0,96.0,174.0,94.0,158.0,113.0,205.0,100.0,198.0,98.0,195.0,87.0,198.0,73.0,215.0,81.0,205.0,76.0,187.0,80.0,191.0
1.0,1.0,0.0,181.0,181.0,139.0,95.0,166.0,115.0,151.0,1.0,173.0,155.0,171.0,113.0,175.0,137.0,170.0,148.0,186.0,157.0,190.0,158.0,192.0,158.0,185.0,164.0,186.0,187.0,204.0,189.0,190.0,169.0,195.0,173.0
1.0,1.0,0.0,137.0,139.0,117.0,170.0,225.0,184.0,198.0,48.0,184.0,13.0,196.0,66.0,191.0,184.0,210.0,22.0,205.0,7.0,238.0,74.0,190.0,65.0,214.0,45.0,206.0,24.0,185.0,23.0,187.0,208.0,219.0,178.0
1.0,1.0,0.0,102.0,130.0,196.0,144.0,129.0,154.0,146.0,52.0,223.0,118.0,228.0,2.0,223.0,168.0,218.0,162.0,164.0,159.0,192.0,25.0,247.0,139.0,171.0,9.0,193.0,172.0,168.0,5.0,224.0,182.0,183.0,154.0
1.0,1.0,0.0,50.0,207.0,16.0,64.0,102.0,108.0,87.0,23.0,112.0,111.0,97.0,187.0,143.0,24.0,130.0,194.0,101.0,197.0,128.0,148.0,126.0,37.0,123.0,19.0,110.0,176.0,135.0,217.0,98.0,54.0,106.0,4.0
1.0,1.0,0.0,66.0,191.0,87.0,54.0,165.0,60.0,166.0,123.0,102.0,121.0,135.0,21.0,170.0,58.0,119.0,79.0,191.0,58.0,163.0,2.0,106.0,166.0,141.0,97.0,149.0,73.0,132.0,12.0,141.0,91.0,174.0,72.0
1.0,1.0,0.0,125.0,29.0,143.0,37.0,152.0,100.0,143.0,46.0,146.0,54.0,150.0,44.0,159.0,69.0,177.0,73.0,142.0,45.0,186.0,43.0,214.0,17.0,206.0,83.0,178.0,86.0,162.0,75.0,181.0,100.0,173.0,79.0
1.0,1.0,0.0,139.0,48.0,131.0,137.0,163.0,132.0,153.0,14.0,155.0,27.0,168.0,41.0,132.0,5.0,209.0,71.0,194.0,162.0,203.0,20.0,239.0,71.0,208.0,66.0,200.0,56.0,203.0,18.0,195.0,46.0,199.0,5.0
1.0,1.0,0.0,99.0,62.0,51.0,165.0,124.0,150.0,136.0,61.0,135.0,68.0,187.0,58.0,150.0,143.0,143.0,1.0,146.0,53.0,187.0,59.0,159.0,72.0,165.0,49.0,151.0,66.0,146.0,69.0,111.0,166.0,161.0,10.0
1.0,1.0,0.0,48.0,178.0,57.0,90.0,90.0,140.0,94.0,68.0,107.0,107.0,125.0,54.0,131.0,19.0,127.0,54.0,121.0,26.0,119.0,49.0,124.0,46.0,114.0,71.0,131.0,60.0,144.0,15.0,140.0,48.0,150.0,25.0
1.0,1.0,0.0,143.0,217.0,95.0,208.0,101.0,218.0,82.0,247.0,58.0,262.0,16.0,259.0,21.0,253.0,43.0,249.0,56.0,226.0,64.0,207.0,62.0,32.0,52.0,84.0,36.0,104.0,29.0,114.0,26.0,122.0,25.0,128.0
1.0,1.0,0.0,175.0,225.0,116.0,223.0,96.0,227.0,66.0,255.0,54.0,266.0,17.0,264.0,29.0,255.0,49.0,250.0,59.0,219.0,67.0,164.0,67.0,57.0,53.0,114.0,34.0,133.0,24.0,133.0,16.0,139.0,70.0,137.0
1.0,1.0,0.0,146.0,227.0,101.0,225.0,55.0,213.0,39.0,266.0,3.0,258.0,36.0,240.0,38.0,203.0,57.0,232.0,63.0,6.0,61.0,81.0,58.0,90.0,40.0,136.0,22.0,142.0,5.0,135.0,90.0,134.0,59.0,131.0
1.0,1.0,0.0,117.0,223.0,85.0,212.0,78.0,222.0,61.0,240.0,2.0,250.0,23.0,246.0,27.0,236.0,48.0,221.0,53.0,170.0,56.0,42.0,48.0,85.0,31.0,121.0,15.0,127.0,56.0,117.0,89.0,110.0,114.0,92.0
1.0,1.0,0.0,174.0,229.0,106.0,228.0,79.0,241.0,60.0,261.0,7.0,264.0,28.0,253.0,39.0,242.0,61.0,226.0,60.0,182.0,66.0,61.0,56.0,103.0,37.0,142.0,20.0,146.0,55.0,136.0,105.0,129.0,157.0,118.0
1.0,1.0,0.0,115.0,228.0,74.0,224.0,58.0,224.0,57.0,228.0,11.0,238.0,24.0,236.0,36.0,225.0,50.0,208.0,51.0,29.0,48.0,66.0,44.0,102.0,27.0,133.0,5.0,134.0,75.0,120.0,119.0,112.0,169.0,86.0
1.0,1.0,0.0,211.0,23.0,191.0,24.0,230.0,44.0,236.0,112.0,219.0,14.0,232.0,34.0,231.0,43.0,241.0,41.0,242.0,54.0,242.0,18.0,234.0,35.0,247.0,43.0,245.0,69.0,223.0,56.0,236.0,58.0,235.0,67.0
1.0,1.0,0.0,180.0,13.0,173.0,94.0,205.0,12.0,222.0,5.0,214.0,23.0,224.0,11.0,224.0,25.0,235.0,19.0,235.0,28.0,226.0,5.0,225.0,22.0,231.0,31.0,230.0,40.0,216.0,36.0,225.0,34.0,225.0,42.0
1.0,1.0,0.0,202.0,65.0,157.0,1.0,211.0,67.0,235.0,168.0,199.0,103.0,206.0,36.0,200.0,1.0,204.0,39.0,241.0,78.0,247.0,186.0,222.0,26.0,233.0,181.0,237.0,54.0,236.0,67.0,211.0,38.0,234.0,71.0
1.0,1.0,0.0,60.0,28.0,178.0,142.0,86.0,66.0,68.0,10.0,103.0,53.0,126.0,188.0,177.0,95.0,125.0,146.0,128.0,163.0,142.0,217.0,204.0,156.0,112.0,200.0,159.0,3.0,160.0,20.0,204.0,56.0,192.0,53.0
1.0,1.0,0.0,33.0,82.0,41.0,177.0,62.0,161.0,85.0,162.0,99.0,48.0,108.0,35.0,114.0,205.0,129.0,156.0,82.0,71.0,115.0,19.0,132.0,15.0,107.0,185.0,100.0,71.0,72.0,53.0,108.0,55.0,67.0,108.0
1.0,1.0,0.0,59.0,268.0,203.0,219.0,118.0,238.0,89.0,199.0,75.0,268.0,77.0,265.0,14.0,269.0,21.0,278.0,41.0,265.0,45.0,252.0,65.0,236.0,59.0,231.0,43.0,205.0,43.0,58.0,48.0,105.0,54.0,120.0
1.0,1.0,0.0,103.0,258.0,132.0,220.0,89.0,228.0,77.0,220.0,60.0,261.0,12.0,262.0,22.0,257.0,35.0,260.0,45.0,246.0,55.0,212.0,60.0,151.0,58.0,93.0,38.0,97.0,34.0,64.0,27.0,119.0,26.0,119.0
1.0,1.0,0.0,120.0,251.0,94.0,226.0,72.0,236.0,55.0,234.0,5.0,253.0,27.0,247.0,33.0,230.0,54.0,218.0,58.0,169.0,49.0,70.0,42.0,96.0,32.0,137.0,10.0,130.0,64.0,108.0,109.0,102.0,129.0,76.0
1.0,1.0,0.0,177.0,230.0,105.0,232.0,71.0,246.0,54.0,262.0,12.0,265.0,32.0,252.0,43.0,235.0,65.0,217.0,61.0,34.0,65.0,80.0,53.0,114.0,30.0,148.0,9.0,149.0,83.0,134.0,147.0,123.0,188.0,98.0
1.0,1.0,0.0,172.0,236.0,92.0,236.0,49.0,252.0,8.0,225.0,18.0,259.0,40.0,248.0,53.0,221.0,66.0,187.0,63.0,161.0,52.0,103.0,41.0,125.0,16.0,151.0,70.0,144.0,123.0,123.0,176.0,108.0,191.0,59.0
1.0,1.0,0.0,218.0,197.0,203.0,30.0,230.0,112.0,243.0,65.0,245.0,9.0,237.0,10.0,233.0,37.0,253.0,35.0,253.0,184.0,247.0,34.0,247.0,14.0,255.0,77.0,255.0,43.0,243.0,183.0,242.0,53.0,244.0,43.0
1.0,1.0,0.0,194.0,1.0,144.0,53.0,204.0,3.0,169.0,93.0,202.0,153.0,237.0,52.0,230.0,14.0,239.0,62.0,201.0,239.0,247.0,44.0,206.0,34.0,211.0,16.0,203.0,16.0,194.0,10.0,199.0,10.0,197.0,16.0
1.0,1.0,0.0,108.0,226.0,68.0,217.0,66.0,221.0,51.0,235.0,9.0,236.0,25.0,241.0,30.0,218.0,51.0,203.0,48.0,43.0,47.0,56.0,38.0,84.0,23.0,120.0,46.0,110.0,69.0,96.0,96.0,75.0,105.0,44.0
1.0,1.0,0.0,140.0,232.0,84.0,231.0,56.0,237.0,40.0,249.0,16.0,252.0,37.0,238.0,41.0,215.0,59.0,181.0,57.0,81.0,51.0,91.0,36.0,116.0,14.0,143.0,64.0,136.0,107.0,112.0,152.0,99.0,164.0,60.0
1.0,1.0,0.0,154.0,246.0,77.0,241.0,50.0,249.0,5.0,259.0,28.0,249.0,46.0,226.0,55.0,190.0,63.0,61.0,54.0,108.0,40.0,106.0,14.0,132.0,78.0,150.0,128.0,132.0,176.0,101.0,205.0,32.0,194.0,211.0
1.0,1.0,0.0,218.0,79.0,203.0,66.0,175.0,51.0,192.0,109.0,245.0,158.0,199.0,134.0,180.0,23.0,144.0,100.0,212.0,10.0,225.0,165.0,247.0,210.0,151.0,101.0,204.0,38.0,243.0,30.0,138.0,152.0,208.0,18.0
1.0,1.0,0.0,100.0,112.0,129.0,104.0,156.0,123.0,183.0,117.0,120.0,134.0,156.0,123.0,158.0,151.0,148.0,206.0,202.0,171.0,168.0,173.0,164.0,175.0,159.0,186.0,152.0,194.0,148.0,152.0,155.0,172.0,146.0,177.0
1.0,1.0,0.0,128.0,123.0,162.0,101.0,190.0,120.0,208.0,144.0,182.0,157.0,198.0,118.0,196.0,145.0,207.0,157.0,238.0,142.0,212.0,171.0,210.0,177.0,199.0,192.0,208.0,201.0,208.0,187.0,210.0,179.0,211.0,185.0
1.0,1.0,0.0,218.0,10.0,203.0,3.0,230.0,14.0,243.0,8.0,245.0,16.0,237.0,14.0,232.0,17.0,251.0,15.0,251.0,20.0,247.0,15.0,247.0,25.0,255.0,36.0,253.0,37.0,242.0,29.0,240.0,29.0,243.0,37.0
1.0,1.0,0.0,152.0,25.0,147.0,128.0,183.0,113.0,209.0,126.0,196.0,5.0,208.0,9.0,203.0,135.0,224.0,140.0,232.0,147.0,216.0,135.0,211.0,9.0,217.0,165.0,216.0,165.0,210.0,142.0,216.0,159.0,215.0,151.0
1.0,1.0,0.0,157.0,122.0,203.0,9.0,186.0,106.0,175.0,135.0,245.0,125.0,226.0,104.0,226.0,139.0,253.0,14.0,218.0,18.0,201.0,179.0,247.0,186.0,222.0,175.0,238.0,175.0,228.0,158.0,242.0,146.0,231.0,150.0
1.0,1.0,0.0,40.0,80.0,62.0,98.0,70.0,148.0,120.0,150.0,66.0,65.0,113.0,169.0,94.0,116.0,131.0,166.0,118.0,160.0,184.0,203.0,100.0,49.0,125.0,179.0,109.0,186.0,92.0,16.0,116.0,164.0,110.0,207.0
1.0,1.0,0.0,133.0,234.0,93.0,233.0,60.0,240.0,45.0,239.0,14.0,251.0,31.0,237.0,37.0,219.0,52.0,188.0,47.0,56.0,38.0,82.0,29.0,106.0,6.0,127.0,61.0,116.0,89.0,95.0,129.0,64.0,116.0,148.0
1.0,1.0,0.0,153.0,237.0,82.0,239.0,59.0,247.0,4.0,257.0,20.0,247.0,42.0,234.0,47.0,199.0,60.0,27.0,52.0,93.0,41.0,99.0,23.0,121.0,70.0,141.0,86.0,129.0,128.0,103.0,164.0,59.0,158.0,176.0
1.0,1.0,0.0,161.0,249.0,73.0,243.0,51.0,257.0,9.0,265.0,29.0,245.0,48.0,221.0,60.0,180.0,64.0,83.0,50.0,116.0,33.0,117.0,6.0,134.0,105.0,149.0,160.0,128.0,205.0,85.0,221.0,177.0,190.0,232.0
1.0,1.0,0.0,218.0,268.0,31.0,132.0,31.0,250.0,16.0,258.0,17.0,195.0,54.0,197.0,56.0,48.0,29.0,96.0,32.0,130.0,6.0,124.0,93.0,59.0,175.0,111.0,205.0,44.0,243.0,265.0,113.0,144.0,84.0,259.0
1.0,1.0,0.0,218.0,260.0,44.0,195.0,24.0,194.0,19.0,224.0,26.0,209.0,33.0,97.0,32.0,54.0,22.0,111.0,8.0,132.0,121.0,96.0,142.0,89.0,255.0,103.0,173.0,210.0,234.0,245.0,87.0,222.0,69.0,218.0
1.0,1.0,0.0,142.0,104.0,177.0,19.0,199.0,11.0,203.0,118.0,192.0,112.0,207.0,102.0,221.0,119.0,253.0,155.0,231.0,9.0,217.0,146.0,221.0,160.0,253.0,176.0,222.0,169.0,217.0,147.0,242.0,161.0,237.0,9.0
1.0,1.0,0.0,114.0,160.0,113.0,36.0,187.0,16.0,210.0,103.0,163.0,149.0,211.0,4.0,214.0,116.0,222.0,212.0,234.0,5.0,221.0,134.0,193.0,170.0,227.0,203.0,221.0,193.0,181.0,172.0,227.0,197.0,227.0,139.0
1.0,1.0,0.0,98.0,174.0,149.0,93.0,180.0,114.0,185.0,6.0,149.0,154.0,186.0,111.0,186.0,136.0,236.0,179.0,234.0,172.0,199.0,155.0,202.0,157.0,215.0,194.0,198.0,185.0,174.0,21.0,202.0,165.0,203.0,171.0
1.0,1.0,0.0,138.0,135.0,153.0,86.0,182.0,105.0,181.0,96.0,218.0,143.0,185.0,103.0,182.0,126.0,195.0,32.0,207.0,158.0,197.0,143.0,198.0,146.0,189.0,29.0,192.0,168.0,192.0,186.0,200.0,151.0,201.0,153.0
1.0,1.0,0.0,204.0,111.0,194.0,107.0,230.0,119.0,238.0,114.0,222.0,115.0,223.0,116.0,233.0,140.0,244.0,150.0,249.0,183.0,233.0,157.0,230.0,161.0,250.0,169.0,248.0,188.0,229.0,180.0,241.0,163.0,242.0,183.0
1.0,1.0,0.0,218.0,117.0,203.0,97.0,230.0,122.0,240.0,7.0,243.0,1.0,231.0,107.0,233.0,124.0,242.0,143.0,244.0,154.0,239.0,132.0,242.0,147.0,246.0,6.0,249.0,164.0,239.0,151.0,239.0,150.0,240.0,155.0
1.0,1.0,0.0,218.0,11.0,203.0,103.0,230.0,1.0,243.0,140.0,233.0,129.0,218.0,110.0,233.0,158.0,248.0,159.0,253.0,166.0,246.0,183.0,236.0,174.0,255.0,190.0,254.0,197.0,241.0,184.0,242.0,178.0,244.0,184.0
1.0,1.0,0.0,148.0,235.0,81.0,235.0,64.0,243.0,36.0,256.0,19.0,246.0,34.0,228.0,42.0,213.0,58.0,3.0,46.0,92.0,44.0,93.0,24.0,115.0,61.0,139.0,76.0,126.0,116.0,106.0,142.0,67.0,149.0,156.0
1.0,1.0,0.0,159.0,250.0,70.0,246.0,52.0,255.0,11.0,264.0,30.0,242.0,50.0,213.0,61.0,169.0,62.0,92.0,49.0,121.0,28.0,120.0,78.0,136.0,116.0,146.0,177.0,119.0,213.0,63.0,219.0,204.0,178.0,240.0
1.0,1.0,0.0,31.0,177.0,21.0,190.0,32.0,234.0,13.0,251.0,8.0,180.0,38.0,180.0,62.0,2.0,16.0,70.0,24.0,109.0,14.0,122.0,84.0,73.0,90.0,64.0,95.0,61.0,87.0,170.0,81.0,206.0,75.0,209.0
1.0,1.0,0.0,78.0,254.0,42.0,244.0,23.0,242.0,18.0,232.0,34.0,213.0,51.0,137.0,48.0,85.0,32.0,131.0,5.0,135.0,92.0,107.0,140.0,100.0,177.0,65.0,180.0,235.0,117.0,248.0,79.0,252.0,23.0,254.0
1.0,1.0,0.0,22.0,147.0,15.0,184.0,5.0,203.0,10.0,72.0,23.0,136.0,26.0,151.0,13.0,86.0,12.0,105.0,77.0,65.0,102.0,37.0,97.0,50.0,79.0,222.0,51.0,244.0,6.0,220.0,18.0,196.0,34.0,88.0
1.0,1.0,0.0,208.0,105.0,203.0,82.0,224.0,0.0,216.0,121.0,232.0,114.0,227.0,114.0,229.0,131.0,226.0,172.0,227.0,180.0,236.0,162.0,247.0,167.0,238.0,184.0,246.0,191.0,232.0,178.0,238.0,171.0,236.0,175.0
1.0,1.0,0.0,113.0,44.0,119.0,84.0,176.0,10.0,184.0,45.0,148.0,50.0,177.0,129.0,178.0,45.0,169.0,175.0,181.0,187.0,204.0,7.0,189.0,30.0,178.0,20.0,183.0,23.0,172.0,37.0,177.0,20.0,196.0,145.0
1.0,1.0,0.0,35.0,63.0,86.0,13.0,112.0,26.0,105.0,34.0,122.0,44.0,122.0,29.0,116.0,44.0,107.0,84.0,133.0,176.0,124.0,28.0,118.0,36.0,117.0,5.0,94.0,52.0,95.0,42.0,99.0,37.0,95.0,46.0
1.0,1.0,0.0,104.0,116.0,141.0,85.0,169.0,104.0,160.0,119.0,168.0,161.0,169.0,100.0,172.0,122.0,190.0,34.0,176.0,168.0,181.0,138.0,181.0,145.0,184.0,2.0,169.0,162.0,161.0,146.0,169.0,149.0,166.0,147.0
1.0,1.0,0.0,81.0,12.0,188.0,135.0,80.0,206.0,149.0,0.0,131.0,56.0,94.0,83.0,93.0,238.0,173.0,222.0,182.0,196.0,116.0,86.0,247.0,142.0,148.0,182.0,162.0,225.0,207.0,176.0,148.0,214.0,76.0,235.0
1.0,1.0,0.0,118.0,161.0,103.0,58.0,162.0,36.0,204.0,26.0,187.0,166.0,164.0,136.0,166.0,50.0,253.0,10.0,239.0,188.0,205.0,139.0,187.0,168.0,241.0,27.0,199.0,155.0,243.0,199.0,215.0,44.0,220.0,24.0
1.0,1.0,0.0,191.0,106.0,179.0,18.0,197.0,18.0,215.0,115.0,226.0,123.0,209.0,139.0,217.0,7.0,240.0,141.0,233.0,186.0,223.0,181.0,226.0,188.0,239.0,161.0,235.0,181.0,222.0,179.0,230.0,2.0,223.0,165.0
1.0,1.0,0.0,190.0,0.0,166.0,21.0,206.0,24.0,220.0,122.0,213.0,110.0,200.0,121.0,211.0,9.0,231.0,149.0,228.0,148.0,219.0,178.0,215.0,165.0,237.0,168.0,228.0,171.0,221.0,156.0,226.0,145.0,228.0,7.0
1.0,1.0,0.0,162.0,16.0,193.0,11.0,207.0,27.0,178.0,97.0,189.0,19.0,193.0,8.0,194.0,26.0,217.0,6.0,189.0,55.0,211.0,141.0,223.0,11.0,226.0,18.0,218.0,49.0,197.0,60.0,233.0,17.0,218.0,64.0
1.0,1.0,0.0,124.0,187.0,102.0,33.0,177.0,145.0,193.0,51.0,158.0,139.0,163.0,1.0,165.0,6.0,202.0,21.0,211.0,21.0,194.0,33.0,171.0,155.0,213.0,59.0,188.0,33.0,183.0,4.0,186.0,31.0,212.0,33.0
